"name","version","type","licenses"
"Simple Launcher","1.1.0.14","application",""
"Simple Launcher","1.1.0.14","application",""
"Simple Launcher","1.1.0.14","application",""
"Simple Launcher","1.1.0.14","application",""
"Simple Launcher","1.1.0.14","application",""
"Simple Launcher","1.1.0.14","application",""
"adduser","3.152","library","GPL-2.0-only;GPL-2.0-or-later"
"annotated-doc","0.0.5","library","MIT"
"annotated-types","0.8.0","library","MIT"
"anyio","4.15.1","library","MIT"
"apt","3.0.3","library","BSD-3-Clause;GPL-2.0-only;GPL-2.0-or-later;curl;Expat"
"base-files","13.8+deb13u7","library","GPL-2.0-only;GPL-2.0-or-later;verbatim"
"base-passwd","3.6.7","library","GPL-2.0-only;public-domain"
"bash","5.2.37-2+b10","library","BSD-4-Clause-UC;GFDL-1.3-only;GPL-2.0-only;GPL-2.0-or-later;GPL-3.0-only;GPL-3.0-or-later;Latex2e;GFDL-NIV-1.3;MIT-like;permissive"
"bsdutils","1:2.41.5-0+deb13u1","library","BSD-2-Clause;BSD-3-Clause;BSD-4-Clause;GPL-2.0-only;GPL-2.0-or-later;GPL-3.0-only;GPL-3.0-or-later;ISC;LGPL-2.0-only;LGPL-2.0-or-later;LGPL-2.1-only;LGPL-2.1-or-later;LGPL-3.0-only;LGPL-3.0-or-later;BSLA;Expat;LGPL;public-domain"
"ca-certificates","20250419","library","GPL-2.0-only;GPL-2.0-or-later;MPL-2.0"
"certifi","2026.7.22","library","MPL-2.0"
"cffi","2.1.1","library","MIT-0"
"click","8.5.0","library","BSD-3-Clause"
"coreutils","9.7-3","library","BSD-4-Clause-UC;FSFULLR;GFDL-1.3-only;GPL-3.0-only;GPL-3.0-or-later;ISC;GFDL-NIV-1.3"
"cryptography","50.0.2","library","unknown"
"dash","0.5.12-12","library","BSD-3-Clause;GPL-2.0-only;GPL-2.0-or-later;public-domain"
"debconf","1.5.91","library","BSD-2-Clause"
"debian-archive-keyring","2025.1","library","GPL"
"debianutils","5.23.2","library","GPL-2.0-only;GPL-2.0-or-later;SMAIL-GPL;public-domain"
"diffutils","1:3.10-4","library","FSFAP;FSFULLR;GFDL-1.3-only;GPL-2.0-only;GPL-2.0-or-later;GPL-3.0-only;GPL-3.0-or-later;LGPL-2.0-only;LGPL-2.0-or-later;LGPL-2.1-only;LGPL-2.1-or-later;LGPL-3.0-only;LGPL-3.0-or-later;X11;GFDL-NIV-1.3;public-domain"
"dpkg","1.22.22","library","GPL-2.0-only;GPL-2.0-or-later;public-domain-s-s-d"
"fastapi","0.136.1","library","MIT"
"findutils","4.10.0-3","library","BSD-3-Clause;FSFAP;FSFULLR;GFDL-1.3-only;GPL-2.0-only;GPL-2.0-or-later;GPL-3.0-only;GPL-3.0-or-later;ISC;LGPL-2.0-only;LGPL-2.0-or-later;LGPL-2.1-only;LGPL-2.1-or-later;LGPL-3.0-only;LGPL-3.0-or-later;X11;GFDL-NIV-1.3+;GPL;LGPL;public-domain"
"gcc-14-base","14.2.0-19","library","GFDL-1.2-only;GPL-3.0-only;Artistic;GPL;LGPL"
"grep","3.11-4","library","GPL-3.0-only;GPL-3.0-or-later"
"gzip","1.13-1+deb13u1","library","GPL-3.0-only;GPL-3.0-or-later;FSF-manpages;GFDL-1.3+-no-invariant;GFDL-3"
"h11","0.16.0","library","MIT"
"hostname","3.25","library","GPL-2.0-only"
"httpcore","1.0.9","library","BSD-3-Clause"
"httptools","0.8.0","library","MIT"
"httpx","0.28.1","library","BSD-3-Clause"
"idna","3.20","library","BSD-3-Clause"
"init-system-helpers","1.69~deb13u1","library","BSD-3-Clause;GPL-2.0-only;GPL-2.0-or-later"
"libacl1","2.3.2-2+b1","library","GPL-2.0-only;GPL-2.0-or-later;LGPL-2.0-or-later;LGPL-2.1-only"
"libapt-pkg7.0","3.0.3","library","BSD-3-Clause;GPL-2.0-only;GPL-2.0-or-later;curl;Expat"
"libattr1","1:2.5.2-3","library","GPL-2.0-only;GPL-2.0-or-later;LGPL-2.0-or-later;LGPL-2.1-only"
"libaudit-common","1:4.0.2-2+deb13u1","library","GPL-1.0-only;GPL-2.0-only;LGPL-2.1-only"
"libaudit1","1:4.0.2-2+deb13u1","library","GPL-1.0-only;GPL-2.0-only;LGPL-2.1-only"
"libblkid1","2.41.5-0+deb13u1","library","BSD-2-Clause;BSD-3-Clause;BSD-4-Clause;GPL-2.0-only;GPL-2.0-or-later;GPL-3.0-only;GPL-3.0-or-later;ISC;LGPL-2.0-only;LGPL-2.0-or-later;LGPL-2.1-only;LGPL-2.1-or-later;LGPL-3.0-only;LGPL-3.0-or-later;BSLA;Expat;LGPL;public-domain"
"libbsd0","0.12.2-2","library","BSD-2-Clause;BSD-3-Clause;Beerware;ISC;BSD-2-clause-author;BSD-2-clause-verbatim;BSD-3-clause-John-Birrell;BSD-3-clause-Regents;BSD-3-clause-author;BSD-5-clause-Peter-Wemm;Expat;ISC-Original;public-domain"
"libbz2-1.0","1.0.8-6","library","GPL-2.0-only;BSD-variant"
"libc-bin","2.41-12+deb13u4","library","BSD-2-Clause;BSL-1.0;FSFAP;GPL-2.0-only;GPL-2.0-or-later;GPL-3.0-only;GPL-3.0-or-later;ISC;LGPL-2.0-only;LGPL-2.0-or-later;LGPL-2.1-only;LGPL-2.1-or-later;LGPL-3.0-only;LGPL-3.0-or-later;SunPro;Unicode-DFS-2016;BSD-3-clause-Berkeley;BSD-3-clause-Carnegie;BSD-3-clause-Oracle;BSD-3-clause-WIDE;BSD-like-Spencer;CORE-MATH;Carnegie;DEC;GPL-2+-with-link-exception;IBM;Inner-Net;LGPL-2.1+-with-link-exception;MIT-like-Lord;PCRE;Univ-Coimbra;public-domain"
"libc6","2.41-12+deb13u4","library","BSD-2-Clause;BSL-1.0;FSFAP;GPL-2.0-only;GPL-2.0-or-later;GPL-3.0-only;GPL-3.0-or-later;ISC;LGPL-2.0-only;LGPL-2.0-or-later;LGPL-2.1-only;LGPL-2.1-or-later;LGPL-3.0-only;LGPL-3.0-or-later;SunPro;Unicode-DFS-2016;BSD-3-clause-Berkeley;BSD-3-clause-Carnegie;BSD-3-clause-Oracle;BSD-3-clause-WIDE;BSD-like-Spencer;CORE-MATH;Carnegie;DEC;GPL-2+-with-link-exception;IBM;Inner-Net;LGPL-2.1+-with-link-exception;MIT-like-Lord;PCRE;Univ-Coimbra;public-domain"
"libcap-ng0","0.8.5-4+b1","library","GPL-2.0-only;GPL-2.0-or-later;GPL-3.0-only;LGPL-2.1-only;LGPL-2.1-or-later"
"libcap2","1:2.75-10+deb13u1+b3","library","BSD-3-Clause;GPL-2.0-only;GPL-2.0-or-later"
"libcrypt1","1:4.4.38-1","library","sha256:5a5e7ca0e9f3f9679977e3a3e9ede45ad92885a3297ea78e766979f9866c5a16"
"libdb5.3t64","5.3.28+dfsg2-9","library","BSD-3-Clause;GPL-3.0-only;MS-PL;Sleepycat;X11;Zlib;Artistic;BSD-3-clause-fjord;GPL;MIT-old;TCL-like"
"libdebconfclient0","0.280","library","BSD-2-Clause;GPL-2.0-only;GPL-2.0-or-later"
"libffi8","3.4.8-2","library","GPL-2.0-or-later;GPL-3.0-or-later;MPL-1.1;X11;Expat;GPL;public-domain"
"libgcc-s1","14.2.0-19","library","GFDL-1.2-only;GPL-3.0-only;Artistic;GPL;LGPL"
"libgdbm6t64","1.24-2","library","GPL-2.0-only;GPL-2.0-or-later;GPL-3.0-only;GPL-3.0-or-later;GFDL-NIV-1.3+"
"libgmp10","2:6.3.0+dfsg-3","library","GPL-2.0-only;GPL-2.0-or-later;GPL-3.0-only;GPL-3.0-or-later;LGPL-3.0-only;LGPL-3.0-or-later"
"libhogweed6t64","3.10.1-1","library","GPL-2.0-only;GPL-2.0-or-later;GPL-3.0-or-later;LGPL-2.0-only;LGPL-2.0-or-later;LGPL-3.0-or-later;Expat;GAP;GPL;LGPL;public-domain"
"liblastlog2-2","2.41.5-0+deb13u1","library","BSD-2-Clause;BSD-3-Clause;BSD-4-Clause;GPL-2.0-only;GPL-2.0-or-later;GPL-3.0-only;GPL-3.0-or-later;ISC;LGPL-2.0-only;LGPL-2.0-or-later;LGPL-2.1-only;LGPL-2.1-or-later;LGPL-3.0-only;LGPL-3.0-or-later;BSLA;Expat;LGPL;public-domain"
"liblz4-1","1.10.0-4","library","BSD-2-Clause;GPL-2.0-only;GPL-2.0-or-later"
"liblzma5","5.8.1-1+deb13u1","library","0BSD;FSFUL;FSFULLR;GPL-2.0-only;GPL-2.0-or-later;GPL-3.0-only;LGPL-2.1-only;LGPL-2.1-or-later;GPL-3.0-or-later-WITH-Autoconf-exception-macro;PD;PD-debian;noderivs;permissive-nowarranty"
"libmd0","1.1.0-2+b1","library","BSD-2-Clause;BSD-3-Clause;Beerware;ISC;BSD-3-clause-Aaron-D-Gifford;public-domain-md4;public-domain-md5;public-domain-sha1"
"libmount1","2.41.5-0+deb13u1","library","BSD-2-Clause;BSD-3-Clause;BSD-4-Clause;GPL-2.0-only;GPL-2.0-or-later;GPL-3.0-only;GPL-3.0-or-later;ISC;LGPL-2.0-only;LGPL-2.0-or-later;LGPL-2.1-only;LGPL-2.1-or-later;LGPL-3.0-only;LGPL-3.0-or-later;BSLA;Expat;LGPL;public-domain"
"libncursesw6","6.5+20250216-2","library","BSD-3-Clause;X11;MIT/X11"
"libnettle8t64","3.10.1-1","library","GPL-2.0-only;GPL-2.0-or-later;GPL-3.0-or-later;LGPL-2.0-only;LGPL-2.0-or-later;LGPL-3.0-or-later;Expat;GAP;GPL;LGPL;public-domain"
"libpam-modules","1.7.0-5","library","BSD-3-Clause;Beerware;GPL-1.0-only;GPL-2.0-only;GPL-2.0-or-later;GPL-3.0-only;GPL-3.0-or-later;LGPL-2.0-only;LGPL-2.0-or-later;BSD-tcp_wrappers;public-domain"
"libpam-modules-bin","1.7.0-5","library","BSD-3-Clause;Beerware;GPL-1.0-only;GPL-2.0-only;GPL-2.0-or-later;GPL-3.0-only;GPL-3.0-or-later;LGPL-2.0-only;LGPL-2.0-or-later;BSD-tcp_wrappers;public-domain"
"libpam-runtime","1.7.0-5","library","BSD-3-Clause;Beerware;GPL-1.0-only;GPL-2.0-only;GPL-2.0-or-later;GPL-3.0-only;GPL-3.0-or-later;LGPL-2.0-only;LGPL-2.0-or-later;BSD-tcp_wrappers;public-domain"
"libpam0g","1.7.0-5","library","BSD-3-Clause;Beerware;GPL-1.0-only;GPL-2.0-only;GPL-2.0-or-later;GPL-3.0-only;GPL-3.0-or-later;LGPL-2.0-only;LGPL-2.0-or-later;BSD-tcp_wrappers;public-domain"
"libpcre2-8-0","10.46-1~deb13u3","library","BSD-2-Clause;BSD-3-Clause;X11;BSD-3-clause-Cambridge;public-domain"
"libreadline8t64","8.2-6","library","GPL-2.0-only;GPL-2.0-or-later;GPL-3.0-only;GPL-3.0-or-later;GFDL;GFDL-NIV-1.3+;ISC-no-attribution"
"libseccomp2","2.6.0-2","library","LGPL-2.1-only"
"libselinux1","3.8.1-1","library","GPL-2.0-only;public-domain"
"libsemanage-common","3.8.1-1","library","GPL-2.0-only;LGPL-2.1-only;LGPL-2.1-or-later"
"libsemanage2","3.8.1-1","library","GPL-2.0-only;LGPL-2.1-only;LGPL-2.1-or-later"
"libsepol2","3.8.1-1","library","GPL-2.0-only;GPL-2.0-or-later;LGPL-2.1-only;LGPL-2.1-or-later;Zlib"
"libsmartcols1","2.41.5-0+deb13u1","library","BSD-2-Clause;BSD-3-Clause;BSD-4-Clause;GPL-2.0-only;GPL-2.0-or-later;GPL-3.0-only;GPL-3.0-or-later;ISC;LGPL-2.0-only;LGPL-2.0-or-later;LGPL-2.1-only;LGPL-2.1-or-later;LGPL-3.0-only;LGPL-3.0-or-later;BSLA;Expat;LGPL;public-domain"
"libsqlite3-0","3.46.1-7+deb13u2","library","GPL-2.0-only;GPL-2.0-or-later;public-domain"
"libssl3t64","3.5.7-1~deb13u3","library","Apache-2.0;GPL-1.0-only;GPL-1.0-or-later;Artistic"
"libstdc++6","14.2.0-19","library","GFDL-1.2-only;GPL-3.0-only;Artistic;GPL;LGPL"
"libsystemd0","257.13-1~deb13u1","library","CC0-1.0;GPL-2.0-only;GPL-2.0-or-later;LGPL-2.1-only;LGPL-2.1-or-later;Expat;public-domain"
"libtinfo6","6.5+20250216-2","library","BSD-3-Clause;X11;MIT/X11"
"libudev1","257.13-1~deb13u1","library","CC0-1.0;GPL-2.0-only;GPL-2.0-or-later;LGPL-2.1-only;LGPL-2.1-or-later;Expat;public-domain"
"libuuid1","2.41.5-0+deb13u1","library","BSD-2-Clause;BSD-3-Clause;BSD-4-Clause;GPL-2.0-only;GPL-2.0-or-later;GPL-3.0-only;GPL-3.0-or-later;ISC;LGPL-2.0-only;LGPL-2.0-or-later;LGPL-2.1-only;LGPL-2.1-or-later;LGPL-3.0-only;LGPL-3.0-or-later;BSLA;Expat;LGPL;public-domain"
"libxxhash0","0.8.3-2","library","BSD-2-Clause;GPL-2.0-only;GPL-2.0-or-later"
"libzstd1","1.5.7+dfsg-1","library","BSD-3-Clause;GPL-2.0-only;Zlib;Expat"
"login","1:4.16.0-2+really2.41.5-0+deb13u1","library","BSD-2-Clause;BSD-3-Clause;BSD-4-Clause;GPL-2.0-only;GPL-2.0-or-later;GPL-3.0-only;GPL-3.0-or-later;ISC;LGPL-2.0-only;LGPL-2.0-or-later;LGPL-2.1-only;LGPL-2.1-or-later;LGPL-3.0-only;LGPL-3.0-or-later;BSLA;Expat;LGPL;public-domain"
"login.defs","1:4.17.4-2","library","BSD-3-Clause;GPL-1.0-only;GPL-2.0-only;GPL-2.0-or-later"
"mawk","1.3.4.20250131-1","library","CC-BY-3.0;GPL-2.0-only;X11"
"mount","2.41.5-0+deb13u1","library","BSD-2-Clause;BSD-3-Clause;BSD-4-Clause;GPL-2.0-only;GPL-2.0-or-later;GPL-3.0-only;GPL-3.0-or-later;ISC;LGPL-2.0-only;LGPL-2.0-or-later;LGPL-2.1-only;LGPL-2.1-or-later;LGPL-3.0-only;LGPL-3.0-or-later;BSLA;Expat;LGPL;public-domain"
"ncurses-base","6.5+20250216-2","library","BSD-3-Clause;X11;MIT/X11"
"ncurses-bin","6.5+20250216-2","library","BSD-3-Clause;X11;MIT/X11"
"netbase","6.5","library","GPL-2.0-only"
"openssl","3.5.7-1~deb13u3","library","Apache-2.0;GPL-1.0-only;GPL-1.0-or-later;Artistic"
"openssl-provider-legacy","3.5.7-1~deb13u3","library","Apache-2.0;GPL-1.0-only;GPL-1.0-or-later;Artistic"
"passwd","1:4.17.4-2","library","BSD-3-Clause;GPL-1.0-only;GPL-2.0-only;GPL-2.0-or-later"
"perl-base","5.40.1-6+deb13u1","library","Artistic-2.0;Artistic-dist;BSD-3-Clause;FSFAP;GPL-1.0-only;GPL-1.0-or-later;GPL-2.0-only;GPL-2.0-or-later;LGPL-2.1-only;Zlib;Artistic;BSD-3-clause-GENERIC;BSD-3-clause-with-weird-numbering;BSD-4-clause-POWERDOG;BZIP;DONT-CHANGE-THE-GPL;Expat;GPL-3+-WITH-BISON-EXCEPTION;REGCOMP;REGCOMP,;SDBM-PUBLIC-DOMAIN;TEXT-TABS;Unicode"
"pip","25.0.1","library","MIT"
"pycparser","3.0","library","BSD-3-Clause"
"pydantic","2.13.5","library","MIT"
"pydantic-core","2.46.5","library","MIT"
"pyjwt","2.14.0","library","MIT"
"python","3.12.15","application",""
"python-dotenv","1.2.4","library","BSD-3-Clause"
"pyyaml","6.0.3","library","MIT"
"readline-common","8.2-6","library","GPL-2.0-only;GPL-2.0-or-later;GPL-3.0-only;GPL-3.0-or-later;GFDL;GFDL-NIV-1.3+;ISC-no-attribution"
"sed","4.9-2+deb13u1","library","BSD-4-Clause-UC;BSL-1.0;GFDL-1.3-only;GPL-3.0-only;GPL-3.0-or-later;ISC;X11;GFDL-NIV-1.3+;pcre"
"sqv","1.3.0-3+b2","library","LGPL-2.0-only;LGPL-2.0-or-later"
"starlette","1.7.0","library","BSD-3-Clause"
"sysvinit-utils","3.14-4","library","GPL-2.0-only;GPL-2.0-or-later;GPL-3.0-only;LGPL-2.1-only;LGPL-2.1-or-later"
"tar","1.35+dfsg-3.1","library","GPL-2.0-only;GPL-2.0-or-later;GPL-3.0-only;GPL-3.0-or-later;LGPL-2.1-only;LGPL-2.1-or-later;LGPL-3.0-only;LGPL-3.0-or-later"
"typing-extensions","4.16.0","library","PSF-2.0"
"typing-inspection","0.4.4","library","MIT"
"tzdata","2026c-0+deb13u1","library","public-domain"
"util-linux","2.41.5-0+deb13u1","library","BSD-2-Clause;BSD-3-Clause;BSD-4-Clause;GPL-2.0-only;GPL-2.0-or-later;GPL-3.0-only;GPL-3.0-or-later;ISC;LGPL-2.0-only;LGPL-2.0-or-later;LGPL-2.1-only;LGPL-2.1-or-later;LGPL-3.0-only;LGPL-3.0-or-later;BSLA;Expat;LGPL;public-domain"
"uvicorn","0.34.0","library","BSD-3-Clause"
"uvloop","0.23.0","library","MIT License"
"watchfiles","1.3.0","library","MIT"
"websockets","17.2","library","BSD-3-Clause"
"zlib1g","1:1.3.dfsg+really1.3.1-1+b1","library","Zlib"
"debian","13","operating-system",""
"/etc/alternatives/README","","file",""
"/etc/apt/apt.conf.d/01autoremove","","file",""
"/etc/apt/apt.conf.d/70debconf","","file",""
"/etc/apt/trusted.gpg.d/debian-archive-bookworm-automatic.asc","","file",""
"/etc/apt/trusted.gpg.d/debian-archive-bookworm-security-automatic.asc","","file",""
"/etc/apt/trusted.gpg.d/debian-archive-bookworm-stable.asc","","file",""
"/etc/apt/trusted.gpg.d/debian-archive-bullseye-automatic.asc","","file",""
"/etc/apt/trusted.gpg.d/debian-archive-bullseye-security-automatic.asc","","file",""
"/etc/apt/trusted.gpg.d/debian-archive-bullseye-stable.asc","","file",""
"/etc/apt/trusted.gpg.d/debian-archive-trixie-automatic.asc","","file",""
"/etc/apt/trusted.gpg.d/debian-archive-trixie-security-automatic.asc","","file",""
"/etc/apt/trusted.gpg.d/debian-archive-trixie-stable.asc","","file",""
"/etc/bash.bashrc","","file",""
"/etc/bindresvport.blacklist","","file",""
"/etc/cron.daily/apt-compat","","file",""
"/etc/cron.daily/dpkg","","file",""
"/etc/debconf.conf","","file",""
"/etc/debian_version","","file",""
"/etc/default/nss","","file",""
"/etc/default/useradd","","file",""
"/etc/dpkg/dpkg.cfg","","file",""
"/etc/dpkg/origins/debian","","file",""
"/etc/gai.conf","","file",""
"/etc/host.conf","","file",""
"/etc/issue","","file",""
"/etc/issue.net","","file",""
"/etc/ld.so.conf","","file",""
"/etc/ld.so.conf.d/libc.conf","","file",""
"/etc/ld.so.conf.d/x86_64-linux-gnu.conf","","file",""
"/etc/libaudit.conf","","file",""
"/etc/login.defs","","file",""
"/etc/logrotate.d/alternatives","","file",""
"/etc/logrotate.d/apt","","file",""
"/etc/logrotate.d/dpkg","","file",""
"/etc/pam.conf","","file",""
"/etc/pam.d/chfn","","file",""
"/etc/pam.d/chpasswd","","file",""
"/etc/pam.d/chsh","","file",""
"/etc/pam.d/login","","file",""
"/etc/pam.d/newusers","","file",""
"/etc/pam.d/other","","file",""
"/etc/pam.d/passwd","","file",""
"/etc/pam.d/runuser","","file",""
"/etc/pam.d/runuser-l","","file",""
"/etc/pam.d/su","","file",""
"/etc/pam.d/su-l","","file",""
"/etc/security/access.conf","","file",""
"/etc/security/faillock.conf","","file",""
"/etc/security/group.conf","","file",""
"/etc/security/limits.conf","","file",""
"/etc/security/namespace.conf","","file",""
"/etc/security/namespace.init","","file",""
"/etc/security/pam_env.conf","","file",""
"/etc/security/pwhistory.conf","","file",""
"/etc/security/sepermit.conf","","file",""
"/etc/security/time.conf","","file",""
"/etc/selinux/semanage.conf","","file",""
"/etc/skel/.bash_logout","","file",""
"/etc/skel/.bashrc","","file",""
"/etc/skel/.profile","","file",""
"/etc/terminfo/README","","file",""
"/etc/update-motd.d/10-uname","","file",""
"/etc/xattr.conf","","file",""
"/usr/bin/[","","file",""
"/usr/bin/apt","","file",""
"/usr/bin/apt-cache","","file",""
"/usr/bin/apt-cdrom","","file",""
"/usr/bin/apt-config","","file",""
"/usr/bin/apt-get","","file",""
"/usr/bin/apt-mark","","file",""
"/usr/bin/arch","","file",""
"/usr/bin/b2sum","","file",""
"/usr/bin/base32","","file",""
"/usr/bin/base64","","file",""
"/usr/bin/basename","","file",""
"/usr/bin/basenc","","file",""
"/usr/bin/bash","","file",""
"/usr/bin/bashbug","","file",""
"/usr/bin/cat","","file",""
"/usr/bin/chage","","file",""
"/usr/bin/chcon","","file",""
"/usr/bin/chfn","","file",""
"/usr/bin/chgrp","","file",""
"/usr/bin/chmod","","file",""
"/usr/bin/choom","","file",""
"/usr/bin/chown","","file",""
"/usr/bin/chrt","","file",""
"/usr/bin/chsh","","file",""
"/usr/bin/cksum","","file",""
"/usr/bin/clear","","file",""
"/usr/bin/clear_console","","file",""
"/usr/bin/cmp","","file",""
"/usr/bin/comm","","file",""
"/usr/bin/cp","","file",""
"/usr/bin/csplit","","file",""
"/usr/bin/cut","","file",""
"/usr/bin/dash","","file",""
"/usr/bin/date","","file",""
"/usr/bin/dd","","file",""
"/usr/bin/deb-systemd-helper","","file",""
"/usr/bin/deb-systemd-invoke","","file",""
"/usr/bin/debconf","","file",""
"/usr/bin/debconf-apt-progress","","file",""
"/usr/bin/debconf-communicate","","file",""
"/usr/bin/debconf-copydb","","file",""
"/usr/bin/debconf-escape","","file",""
"/usr/bin/debconf-set-selections","","file",""
"/usr/bin/debconf-show","","file",""
"/usr/bin/df","","file",""
"/usr/bin/diff","","file",""
"/usr/bin/diff3","","file",""
"/usr/bin/dir","","file",""
"/usr/bin/dircolors","","file",""
"/usr/bin/dirname","","file",""
"/usr/bin/dmesg","","file",""
"/usr/bin/dpkg","","file",""
"/usr/bin/dpkg-deb","","file",""
"/usr/bin/dpkg-divert","","file",""
"/usr/bin/dpkg-maintscript-helper","","file",""
"/usr/bin/dpkg-query","","file",""
"/usr/bin/dpkg-realpath","","file",""
"/usr/bin/dpkg-split","","file",""
"/usr/bin/dpkg-statoverride","","file",""
"/usr/bin/dpkg-trigger","","file",""
"/usr/bin/du","","file",""
"/usr/bin/echo","","file",""
"/usr/bin/egrep","","file",""
"/usr/bin/env","","file",""
"/usr/bin/expand","","file",""
"/usr/bin/expiry","","file",""
"/usr/bin/expr","","file",""
"/usr/bin/factor","","file",""
"/usr/bin/fallocate","","file",""
"/usr/bin/false","","file",""
"/usr/bin/fgrep","","file",""
"/usr/bin/find","","file",""
"/usr/bin/findmnt","","file",""
"/usr/bin/flock","","file",""
"/usr/bin/fmt","","file",""
"/usr/bin/fold","","file",""
"/usr/bin/getconf","","file",""
"/usr/bin/getent","","file",""
"/usr/bin/getopt","","file",""
"/usr/bin/gpasswd","","file",""
"/usr/bin/grep","","file",""
"/usr/bin/groups","","file",""
"/usr/bin/gunzip","","file",""
"/usr/bin/gzexe","","file",""
"/usr/bin/gzip","","file",""
"/usr/bin/hardlink","","file",""
"/usr/bin/head","","file",""
"/usr/bin/hostid","","file",""
"/usr/bin/hostname","","file",""
"/usr/bin/iconv","","file",""
"/usr/bin/id","","file",""
"/usr/bin/infocmp","","file",""
"/usr/bin/install","","file",""
"/usr/bin/ionice","","file",""
"/usr/bin/ipcmk","","file",""
"/usr/bin/ipcrm","","file",""
"/usr/bin/ipcs","","file",""
"/usr/bin/ischroot","","file",""
"/usr/bin/join","","file",""
"/usr/bin/ldd","","file",""
"/usr/bin/link","","file",""
"/usr/bin/ln","","file",""
"/usr/bin/locale","","file",""
"/usr/bin/localedef","","file",""
"/usr/bin/logger","","file",""
"/usr/bin/login","","file",""
"/usr/bin/logname","","file",""
"/usr/bin/ls","","file",""
"/usr/bin/lsblk","","file",""
"/usr/bin/lscpu","","file",""
"/usr/bin/lsipc","","file",""
"/usr/bin/lslocks","","file",""
"/usr/bin/lslogins","","file",""
"/usr/bin/lsmem","","file",""
"/usr/bin/lsns","","file",""
"/usr/bin/mawk","","file",""
"/usr/bin/mcookie","","file",""
"/usr/bin/md5sum","","file",""
"/usr/bin/mkdir","","file",""
"/usr/bin/mkfifo","","file",""
"/usr/bin/mknod","","file",""
"/usr/bin/mktemp","","file",""
"/usr/bin/more","","file",""
"/usr/bin/mount","","file",""
"/usr/bin/mountpoint","","file",""
"/usr/bin/mv","","file",""
"/usr/bin/namei","","file",""
"/usr/bin/newgrp","","file",""
"/usr/bin/nice","","file",""
"/usr/bin/nl","","file",""
"/usr/bin/nohup","","file",""
"/usr/bin/nproc","","file",""
"/usr/bin/nsenter","","file",""
"/usr/bin/numfmt","","file",""
"/usr/bin/od","","file",""
"/usr/bin/partx","","file",""
"/usr/bin/passwd","","file",""
"/usr/bin/paste","","file",""
"/usr/bin/pathchk","","file",""
"/usr/bin/perl","","file",""
"/usr/bin/pinky","","file",""
"/usr/bin/pldd","","file",""
"/usr/bin/pr","","file",""
"/usr/bin/printenv","","file",""
"/usr/bin/printf","","file",""
"/usr/bin/prlimit","","file",""
"/usr/bin/ptx","","file",""
"/usr/bin/pwd","","file",""
"/usr/bin/readlink","","file",""
"/usr/bin/realpath","","file",""
"/usr/bin/rename.ul","","file",""
"/usr/bin/renice","","file",""
"/usr/bin/rev","","file",""
"/usr/bin/rgrep","","file",""
"/usr/bin/rm","","file",""
"/usr/bin/rmdir","","file",""
"/usr/bin/run-parts","","file",""
"/usr/bin/runcon","","file",""
"/usr/bin/savelog","","file",""
"/usr/bin/script","","file",""
"/usr/bin/scriptlive","","file",""
"/usr/bin/scriptreplay","","file",""
"/usr/bin/sdiff","","file",""
"/usr/bin/sed","","file",""
"/usr/bin/seq","","file",""
"/usr/bin/setarch","","file",""
"/usr/bin/setpriv","","file",""
"/usr/bin/setsid","","file",""
"/usr/bin/setterm","","file",""
"/usr/bin/sha1sum","","file",""
"/usr/bin/sha224sum","","file",""
"/usr/bin/sha256sum","","file",""
"/usr/bin/sha384sum","","file",""
"/usr/bin/sha512sum","","file",""
"/usr/bin/shred","","file",""
"/usr/bin/shuf","","file",""
"/usr/bin/sleep","","file",""
"/usr/bin/sort","","file",""
"/usr/bin/split","","file",""
"/usr/bin/sqv","","file",""
"/usr/bin/stat","","file",""
"/usr/bin/stdbuf","","file",""
"/usr/bin/stty","","file",""
"/usr/bin/su","","file",""
"/usr/bin/sum","","file",""
"/usr/bin/sync","","file",""
"/usr/bin/tabs","","file",""
"/usr/bin/tac","","file",""
"/usr/bin/tail","","file",""
"/usr/bin/tar","","file",""
"/usr/bin/taskset","","file",""
"/usr/bin/tee","","file",""
"/usr/bin/tempfile","","file",""
"/usr/bin/test","","file",""
"/usr/bin/tic","","file",""
"/usr/bin/timeout","","file",""
"/usr/bin/toe","","file",""
"/usr/bin/touch","","file",""
"/usr/bin/tput","","file",""
"/usr/bin/tr","","file",""
"/usr/bin/true","","file",""
"/usr/bin/truncate","","file",""
"/usr/bin/tset","","file",""
"/usr/bin/tsort","","file",""
"/usr/bin/tty","","file",""
"/usr/bin/tzselect","","file",""
"/usr/bin/uclampset","","file",""
"/usr/bin/umount","","file",""
"/usr/bin/uname","","file",""
"/usr/bin/unexpand","","file",""
"/usr/bin/uniq","","file",""
"/usr/bin/unlink","","file",""
"/usr/bin/unshare","","file",""
"/usr/bin/update-alternatives","","file",""
"/usr/bin/users","","file",""
"/usr/bin/vdir","","file",""
"/usr/bin/wall","","file",""
"/usr/bin/wc","","file",""
"/usr/bin/wdctl","","file",""
"/usr/bin/whereis","","file",""
"/usr/bin/which.debianutils","","file",""
"/usr/bin/who","","file",""
"/usr/bin/whoami","","file",""
"/usr/bin/xargs","","file",""
"/usr/bin/yes","","file",""
"/usr/bin/zcat","","file",""
"/usr/bin/zcmp","","file",""
"/usr/bin/zdiff","","file",""
"/usr/bin/zdump","","file",""
"/usr/bin/zegrep","","file",""
"/usr/bin/zfgrep","","file",""
"/usr/bin/zforce","","file",""
"/usr/bin/zgrep","","file",""
"/usr/bin/zless","","file",""
"/usr/bin/zmore","","file",""
"/usr/bin/znew","","file",""
"/usr/lib/apt/apt-extracttemplates","","file",""
"/usr/lib/apt/apt-helper","","file",""
"/usr/lib/apt/apt.systemd.daily","","file",""
"/usr/lib/apt/methods/cdrom","","file",""
"/usr/lib/apt/methods/copy","","file",""
"/usr/lib/apt/methods/file","","file",""
"/usr/lib/apt/methods/gpgv","","file",""
"/usr/lib/apt/methods/http","","file",""
"/usr/lib/apt/methods/mirror","","file",""
"/usr/lib/apt/methods/rred","","file",""
"/usr/lib/apt/methods/sqv","","file",""
"/usr/lib/apt/methods/store","","file",""
"/usr/lib/apt/solvers/dump","","file",""
"/usr/lib/dpkg/methods/apt/desc.apt","","file",""
"/usr/lib/dpkg/methods/apt/install","","file",""
"/usr/lib/dpkg/methods/apt/names","","file",""
"/usr/lib/dpkg/methods/apt/setup","","file",""
"/usr/lib/dpkg/methods/apt/update","","file",""
"/usr/lib/init/init-d-script","","file",""
"/usr/lib/init/vars.sh","","file",""
"/usr/lib/locale/C.utf8/LC_ADDRESS","","file",""
"/usr/lib/locale/C.utf8/LC_COLLATE","","file",""
"/usr/lib/locale/C.utf8/LC_CTYPE","","file",""
"/usr/lib/locale/C.utf8/LC_IDENTIFICATION","","file",""
"/usr/lib/locale/C.utf8/LC_MEASUREMENT","","file",""
"/usr/lib/locale/C.utf8/LC_MESSAGES/SYS_LC_MESSAGES","","file",""
"/usr/lib/locale/C.utf8/LC_MONETARY","","file",""
"/usr/lib/locale/C.utf8/LC_NAME","","file",""
"/usr/lib/locale/C.utf8/LC_NUMERIC","","file",""
"/usr/lib/locale/C.utf8/LC_PAPER","","file",""
"/usr/lib/locale/C.utf8/LC_TELEPHONE","","file",""
"/usr/lib/locale/C.utf8/LC_TIME","","file",""
"/usr/lib/lsb/init-functions","","file",""
"/usr/lib/lsb/init-functions.d/00-verbose","","file",""
"/usr/lib/mime/packages/tar","","file",""
"/usr/lib/mime/packages/util-linux","","file",""
"/usr/lib/os-release","","file",""
"/usr/lib/systemd/system/apt-daily-upgrade.service","","file",""
"/usr/lib/systemd/system/apt-daily-upgrade.timer","","file",""
"/usr/lib/systemd/system/apt-daily.service","","file",""
"/usr/lib/systemd/system/apt-daily.timer","","file",""
"/usr/lib/systemd/system/dpkg-db-backup.service","","file",""
"/usr/lib/systemd/system/dpkg-db-backup.timer","","file",""
"/usr/lib/systemd/system/fstrim.service","","file",""
"/usr/lib/systemd/system/fstrim.timer","","file",""
"/usr/lib/systemd/system/pam_namespace.service","","file",""
"/usr/lib/tmpfiles.d/libselinux1.conf","","file",""
"/usr/lib/tmpfiles.d/passwd.conf","","file",""
"/usr/lib/x86_64-linux-gnu/gconv/ANSI_X3.110.so","","file",""
"/usr/lib/x86_64-linux-gnu/gconv/ARMSCII-8.so","","file",""
"/usr/lib/x86_64-linux-gnu/gconv/ASMO_449.so","","file",""
"/usr/lib/x86_64-linux-gnu/gconv/BIG5.so","","file",""
"/usr/lib/x86_64-linux-gnu/gconv/BIG5HKSCS.so","","file",""
"/usr/lib/x86_64-linux-gnu/gconv/BRF.so","","file",""
"/usr/lib/x86_64-linux-gnu/gconv/CP10007.so","","file",""
"/usr/lib/x86_64-linux-gnu/gconv/CP1125.so","","file",""
"/usr/lib/x86_64-linux-gnu/gconv/CP1250.so","","file",""
"/usr/lib/x86_64-linux-gnu/gconv/CP1251.so","","file",""
"/usr/lib/x86_64-linux-gnu/gconv/CP1252.so","","file",""
"/usr/lib/x86_64-linux-gnu/gconv/CP1253.so","","file",""
"/usr/lib/x86_64-linux-gnu/gconv/CP1254.so","","file",""
"/usr/lib/x86_64-linux-gnu/gconv/CP1255.so","","file",""
"/usr/lib/x86_64-linux-gnu/gconv/CP1256.so","","file",""
"/usr/lib/x86_64-linux-gnu/gconv/CP1257.so","","file",""
"/usr/lib/x86_64-linux-gnu/gconv/CP1258.so","","file",""
"/usr/lib/x86_64-linux-gnu/gconv/CP737.so","","file",""
"/usr/lib/x86_64-linux-gnu/gconv/CP770.so","","file",""
"/usr/lib/x86_64-linux-gnu/gconv/CP771.so","","file",""
"/usr/lib/x86_64-linux-gnu/gconv/CP772.so","","file",""
"/usr/lib/x86_64-linux-gnu/gconv/CP773.so","","file",""
"/usr/lib/x86_64-linux-gnu/gconv/CP774.so","","file",""
"/usr/lib/x86_64-linux-gnu/gconv/CP775.so","","file",""
"/usr/lib/x86_64-linux-gnu/gconv/CP932.so","","file",""
"/usr/lib/x86_64-linux-gnu/gconv/CSN_369103.so","","file",""
"/usr/lib/x86_64-linux-gnu/gconv/CWI.so","","file",""
"/usr/lib/x86_64-linux-gnu/gconv/DEC-MCS.so","","file",""
"/usr/lib/x86_64-linux-gnu/gconv/EBCDIC-AT-DE-A.so","","file",""
"/usr/lib/x86_64-linux-gnu/gconv/EBCDIC-AT-DE.so","","file",""
"/usr/lib/x86_64-linux-gnu/gconv/EBCDIC-CA-FR.so","","file",""
"/usr/lib/x86_64-linux-gnu/gconv/EBCDIC-DK-NO-A.so","","file",""
"/usr/lib/x86_64-linux-gnu/gconv/EBCDIC-DK-NO.so","","file",""
"/usr/lib/x86_64-linux-gnu/gconv/EBCDIC-ES-A.so","","file",""
"/usr/lib/x86_64-linux-gnu/gconv/EBCDIC-ES-S.so","","file",""
"/usr/lib/x86_64-linux-gnu/gconv/EBCDIC-ES.so","","file",""
"/usr/lib/x86_64-linux-gnu/gconv/EBCDIC-FI-SE-A.so","","file",""
"/usr/lib/x86_64-linux-gnu/gconv/EBCDIC-FI-SE.so","","file",""
"/usr/lib/x86_64-linux-gnu/gconv/EBCDIC-FR.so","","file",""
"/usr/lib/x86_64-linux-gnu/gconv/EBCDIC-IS-FRISS.so","","file",""
"/usr/lib/x86_64-linux-gnu/gconv/EBCDIC-IT.so","","file",""
"/usr/lib/x86_64-linux-gnu/gconv/EBCDIC-PT.so","","file",""
"/usr/lib/x86_64-linux-gnu/gconv/EBCDIC-UK.so","","file",""
"/usr/lib/x86_64-linux-gnu/gconv/EBCDIC-US.so","","file",""
"/usr/lib/x86_64-linux-gnu/gconv/ECMA-CYRILLIC.so","","file",""
"/usr/lib/x86_64-linux-gnu/gconv/EUC-CN.so","","file",""
"/usr/lib/x86_64-linux-gnu/gconv/EUC-JISX0213.so","","file",""
"/usr/lib/x86_64-linux-gnu/gconv/EUC-JP-MS.so","","file",""
"/usr/lib/x86_64-linux-gnu/gconv/EUC-JP.so","","file",""
"/usr/lib/x86_64-linux-gnu/gconv/EUC-KR.so","","file",""
"/usr/lib/x86_64-linux-gnu/gconv/EUC-TW.so","","file",""
"/usr/lib/x86_64-linux-gnu/gconv/GB18030.so","","file",""
"/usr/lib/x86_64-linux-gnu/gconv/GBBIG5.so","","file",""
"/usr/lib/x86_64-linux-gnu/gconv/GBGBK.so","","file",""
"/usr/lib/x86_64-linux-gnu/gconv/GBK.so","","file",""
"/usr/lib/x86_64-linux-gnu/gconv/GEORGIAN-ACADEMY.so","","file",""
"/usr/lib/x86_64-linux-gnu/gconv/GEORGIAN-PS.so","","file",""
"/usr/lib/x86_64-linux-gnu/gconv/GOST_19768-74.so","","file",""
"/usr/lib/x86_64-linux-gnu/gconv/GREEK-CCITT.so","","file",""
"/usr/lib/x86_64-linux-gnu/gconv/GREEK7-OLD.so","","file",""
"/usr/lib/x86_64-linux-gnu/gconv/GREEK7.so","","file",""
"/usr/lib/x86_64-linux-gnu/gconv/HP-GREEK8.so","","file",""
"/usr/lib/x86_64-linux-gnu/gconv/HP-ROMAN8.so","","file",""
"/usr/lib/x86_64-linux-gnu/gconv/HP-ROMAN9.so","","file",""
"/usr/lib/x86_64-linux-gnu/gconv/HP-THAI8.so","","file",""
"/usr/lib/x86_64-linux-gnu/gconv/HP-TURKISH8.so","","file",""
"/usr/lib/x86_64-linux-gnu/gconv/IBM037.so","","file",""
"/usr/lib/x86_64-linux-gnu/gconv/IBM038.so","","file",""
"/usr/lib/x86_64-linux-gnu/gconv/IBM1004.so","","file",""
"/usr/lib/x86_64-linux-gnu/gconv/IBM1008.so","","file",""
"/usr/lib/x86_64-linux-gnu/gconv/IBM1008_420.so","","file",""
"/usr/lib/x86_64-linux-gnu/gconv/IBM1025.so","","file",""
"/usr/lib/x86_64-linux-gnu/gconv/IBM1026.so","","file",""
"/usr/lib/x86_64-linux-gnu/gconv/IBM1046.so","","file",""
"/usr/lib/x86_64-linux-gnu/gconv/IBM1047.so","","file",""
"/usr/lib/x86_64-linux-gnu/gconv/IBM1097.so","","file",""
"/usr/lib/x86_64-linux-gnu/gconv/IBM1112.so","","file",""
"/usr/lib/x86_64-linux-gnu/gconv/IBM1122.so","","file",""
"/usr/lib/x86_64-linux-gnu/gconv/IBM1123.so","","file",""
"/usr/lib/x86_64-linux-gnu/gconv/IBM1124.so","","file",""
"/usr/lib/x86_64-linux-gnu/gconv/IBM1129.so","","file",""
"/usr/lib/x86_64-linux-gnu/gconv/IBM1130.so","","file",""
"/usr/lib/x86_64-linux-gnu/gconv/IBM1132.so","","file",""
"/usr/lib/x86_64-linux-gnu/gconv/IBM1133.so","","file",""
"/usr/lib/x86_64-linux-gnu/gconv/IBM1137.so","","file",""
"/usr/lib/x86_64-linux-gnu/gconv/IBM1140.so","","file",""
"/usr/lib/x86_64-linux-gnu/gconv/IBM1141.so","","file",""
"/usr/lib/x86_64-linux-gnu/gconv/IBM1142.so","","file",""
"/usr/lib/x86_64-linux-gnu/gconv/IBM1143.so","","file",""
"/usr/lib/x86_64-linux-gnu/gconv/IBM1144.so","","file",""
"/usr/lib/x86_64-linux-gnu/gconv/IBM1145.so","","file",""
"/usr/lib/x86_64-linux-gnu/gconv/IBM1146.so","","file",""
"/usr/lib/x86_64-linux-gnu/gconv/IBM1147.so","","file",""
"/usr/lib/x86_64-linux-gnu/gconv/IBM1148.so","","file",""
"/usr/lib/x86_64-linux-gnu/gconv/IBM1149.so","","file",""
"/usr/lib/x86_64-linux-gnu/gconv/IBM1153.so","","file",""
"/usr/lib/x86_64-linux-gnu/gconv/IBM1154.so","","file",""
"/usr/lib/x86_64-linux-gnu/gconv/IBM1155.so","","file",""
"/usr/lib/x86_64-linux-gnu/gconv/IBM1156.so","","file",""
"/usr/lib/x86_64-linux-gnu/gconv/IBM1157.so","","file",""
"/usr/lib/x86_64-linux-gnu/gconv/IBM1158.so","","file",""
"/usr/lib/x86_64-linux-gnu/gconv/IBM1160.so","","file",""
"/usr/lib/x86_64-linux-gnu/gconv/IBM1161.so","","file",""
"/usr/lib/x86_64-linux-gnu/gconv/IBM1162.so","","file",""
"/usr/lib/x86_64-linux-gnu/gconv/IBM1163.so","","file",""
"/usr/lib/x86_64-linux-gnu/gconv/IBM1164.so","","file",""
"/usr/lib/x86_64-linux-gnu/gconv/IBM1166.so","","file",""
"/usr/lib/x86_64-linux-gnu/gconv/IBM1167.so","","file",""
"/usr/lib/x86_64-linux-gnu/gconv/IBM12712.so","","file",""
"/usr/lib/x86_64-linux-gnu/gconv/IBM1364.so","","file",""
"/usr/lib/x86_64-linux-gnu/gconv/IBM1371.so","","file",""
"/usr/lib/x86_64-linux-gnu/gconv/IBM1388.so","","file",""
"/usr/lib/x86_64-linux-gnu/gconv/IBM1390.so","","file",""
"/usr/lib/x86_64-linux-gnu/gconv/IBM1399.so","","file",""
"/usr/lib/x86_64-linux-gnu/gconv/IBM16804.so","","file",""
"/usr/lib/x86_64-linux-gnu/gconv/IBM256.so","","file",""
"/usr/lib/x86_64-linux-gnu/gconv/IBM273.so","","file",""
"/usr/lib/x86_64-linux-gnu/gconv/IBM274.so","","file",""
"/usr/lib/x86_64-linux-gnu/gconv/IBM275.so","","file",""
"/usr/lib/x86_64-linux-gnu/gconv/IBM277.so","","file",""
"/usr/lib/x86_64-linux-gnu/gconv/IBM278.so","","file",""
"/usr/lib/x86_64-linux-gnu/gconv/IBM280.so","","file",""
"/usr/lib/x86_64-linux-gnu/gconv/IBM281.so","","file",""
"/usr/lib/x86_64-linux-gnu/gconv/IBM284.so","","file",""
"/usr/lib/x86_64-linux-gnu/gconv/IBM285.so","","file",""
"/usr/lib/x86_64-linux-gnu/gconv/IBM290.so","","file",""
"/usr/lib/x86_64-linux-gnu/gconv/IBM297.so","","file",""
"/usr/lib/x86_64-linux-gnu/gconv/IBM420.so","","file",""
"/usr/lib/x86_64-linux-gnu/gconv/IBM423.so","","file",""
"/usr/lib/x86_64-linux-gnu/gconv/IBM424.so","","file",""
"/usr/lib/x86_64-linux-gnu/gconv/IBM437.so","","file",""
"/usr/lib/x86_64-linux-gnu/gconv/IBM4517.so","","file",""
"/usr/lib/x86_64-linux-gnu/gconv/IBM4899.so","","file",""
"/usr/lib/x86_64-linux-gnu/gconv/IBM4909.so","","file",""
"/usr/lib/x86_64-linux-gnu/gconv/IBM4971.so","","file",""
"/usr/lib/x86_64-linux-gnu/gconv/IBM500.so","","file",""
"/usr/lib/x86_64-linux-gnu/gconv/IBM5347.so","","file",""
"/usr/lib/x86_64-linux-gnu/gconv/IBM803.so","","file",""
"/usr/lib/x86_64-linux-gnu/gconv/IBM850.so","","file",""
"/usr/lib/x86_64-linux-gnu/gconv/IBM851.so","","file",""
"/usr/lib/x86_64-linux-gnu/gconv/IBM852.so","","file",""
"/usr/lib/x86_64-linux-gnu/gconv/IBM855.so","","file",""
"/usr/lib/x86_64-linux-gnu/gconv/IBM856.so","","file",""
"/usr/lib/x86_64-linux-gnu/gconv/IBM857.so","","file",""
"/usr/lib/x86_64-linux-gnu/gconv/IBM858.so","","file",""
"/usr/lib/x86_64-linux-gnu/gconv/IBM860.so","","file",""
"/usr/lib/x86_64-linux-gnu/gconv/IBM861.so","","file",""
"/usr/lib/x86_64-linux-gnu/gconv/IBM862.so","","file",""
"/usr/lib/x86_64-linux-gnu/gconv/IBM863.so","","file",""
"/usr/lib/x86_64-linux-gnu/gconv/IBM864.so","","file",""
"/usr/lib/x86_64-linux-gnu/gconv/IBM865.so","","file",""
"/usr/lib/x86_64-linux-gnu/gconv/IBM866.so","","file",""
"/usr/lib/x86_64-linux-gnu/gconv/IBM866NAV.so","","file",""
"/usr/lib/x86_64-linux-gnu/gconv/IBM868.so","","file",""
"/usr/lib/x86_64-linux-gnu/gconv/IBM869.so","","file",""
"/usr/lib/x86_64-linux-gnu/gconv/IBM870.so","","file",""
"/usr/lib/x86_64-linux-gnu/gconv/IBM871.so","","file",""
"/usr/lib/x86_64-linux-gnu/gconv/IBM874.so","","file",""
"/usr/lib/x86_64-linux-gnu/gconv/IBM875.so","","file",""
"/usr/lib/x86_64-linux-gnu/gconv/IBM880.so","","file",""
"/usr/lib/x86_64-linux-gnu/gconv/IBM891.so","","file",""
"/usr/lib/x86_64-linux-gnu/gconv/IBM901.so","","file",""
"/usr/lib/x86_64-linux-gnu/gconv/IBM902.so","","file",""
"/usr/lib/x86_64-linux-gnu/gconv/IBM903.so","","file",""
"/usr/lib/x86_64-linux-gnu/gconv/IBM9030.so","","file",""
"/usr/lib/x86_64-linux-gnu/gconv/IBM904.so","","file",""
"/usr/lib/x86_64-linux-gnu/gconv/IBM905.so","","file",""
"/usr/lib/x86_64-linux-gnu/gconv/IBM9066.so","","file",""
"/usr/lib/x86_64-linux-gnu/gconv/IBM918.so","","file",""
"/usr/lib/x86_64-linux-gnu/gconv/IBM921.so","","file",""
"/usr/lib/x86_64-linux-gnu/gconv/IBM922.so","","file",""
"/usr/lib/x86_64-linux-gnu/gconv/IBM930.so","","file",""
"/usr/lib/x86_64-linux-gnu/gconv/IBM932.so","","file",""
"/usr/lib/x86_64-linux-gnu/gconv/IBM933.so","","file",""
"/usr/lib/x86_64-linux-gnu/gconv/IBM935.so","","file",""
"/usr/lib/x86_64-linux-gnu/gconv/IBM937.so","","file",""
"/usr/lib/x86_64-linux-gnu/gconv/IBM939.so","","file",""
"/usr/lib/x86_64-linux-gnu/gconv/IBM943.so","","file",""
"/usr/lib/x86_64-linux-gnu/gconv/IBM9448.so","","file",""
"/usr/lib/x86_64-linux-gnu/gconv/IEC_P27-1.so","","file",""
"/usr/lib/x86_64-linux-gnu/gconv/INIS-8.so","","file",""
"/usr/lib/x86_64-linux-gnu/gconv/INIS-CYRILLIC.so","","file",""
"/usr/lib/x86_64-linux-gnu/gconv/INIS.so","","file",""
"/usr/lib/x86_64-linux-gnu/gconv/ISIRI-3342.so","","file",""
"/usr/lib/x86_64-linux-gnu/gconv/ISO-2022-CN-EXT.so","","file",""
"/usr/lib/x86_64-linux-gnu/gconv/ISO-2022-CN.so","","file",""
"/usr/lib/x86_64-linux-gnu/gconv/ISO-2022-JP-3.so","","file",""
"/usr/lib/x86_64-linux-gnu/gconv/ISO-2022-JP.so","","file",""
"/usr/lib/x86_64-linux-gnu/gconv/ISO-2022-KR.so","","file",""
"/usr/lib/x86_64-linux-gnu/gconv/ISO-IR-197.so","","file",""
"/usr/lib/x86_64-linux-gnu/gconv/ISO-IR-209.so","","file",""
"/usr/lib/x86_64-linux-gnu/gconv/ISO646.so","","file",""
"/usr/lib/x86_64-linux-gnu/gconv/ISO8859-1.so","","file",""
"/usr/lib/x86_64-linux-gnu/gconv/ISO8859-10.so","","file",""
"/usr/lib/x86_64-linux-gnu/gconv/ISO8859-11.so","","file",""
"/usr/lib/x86_64-linux-gnu/gconv/ISO8859-13.so","","file",""
"/usr/lib/x86_64-linux-gnu/gconv/ISO8859-14.so","","file",""
"/usr/lib/x86_64-linux-gnu/gconv/ISO8859-15.so","","file",""
"/usr/lib/x86_64-linux-gnu/gconv/ISO8859-16.so","","file",""
"/usr/lib/x86_64-linux-gnu/gconv/ISO8859-2.so","","file",""
"/usr/lib/x86_64-linux-gnu/gconv/ISO8859-3.so","","file",""
"/usr/lib/x86_64-linux-gnu/gconv/ISO8859-4.so","","file",""
"/usr/lib/x86_64-linux-gnu/gconv/ISO8859-5.so","","file",""
"/usr/lib/x86_64-linux-gnu/gconv/ISO8859-6.so","","file",""
"/usr/lib/x86_64-linux-gnu/gconv/ISO8859-7.so","","file",""
"/usr/lib/x86_64-linux-gnu/gconv/ISO8859-8.so","","file",""
"/usr/lib/x86_64-linux-gnu/gconv/ISO8859-9.so","","file",""
"/usr/lib/x86_64-linux-gnu/gconv/ISO8859-9E.so","","file",""
"/usr/lib/x86_64-linux-gnu/gconv/ISO_10367-BOX.so","","file",""
"/usr/lib/x86_64-linux-gnu/gconv/ISO_11548-1.so","","file",""
"/usr/lib/x86_64-linux-gnu/gconv/ISO_2033.so","","file",""
"/usr/lib/x86_64-linux-gnu/gconv/ISO_5427-EXT.so","","file",""
"/usr/lib/x86_64-linux-gnu/gconv/ISO_5427.so","","file",""
"/usr/lib/x86_64-linux-gnu/gconv/ISO_5428.so","","file",""
"/usr/lib/x86_64-linux-gnu/gconv/ISO_6937-2.so","","file",""
"/usr/lib/x86_64-linux-gnu/gconv/ISO_6937.so","","file",""
"/usr/lib/x86_64-linux-gnu/gconv/JOHAB.so","","file",""
"/usr/lib/x86_64-linux-gnu/gconv/KOI-8.so","","file",""
"/usr/lib/x86_64-linux-gnu/gconv/KOI8-R.so","","file",""
"/usr/lib/x86_64-linux-gnu/gconv/KOI8-RU.so","","file",""
"/usr/lib/x86_64-linux-gnu/gconv/KOI8-T.so","","file",""
"/usr/lib/x86_64-linux-gnu/gconv/KOI8-U.so","","file",""
"/usr/lib/x86_64-linux-gnu/gconv/LATIN-GREEK-1.so","","file",""
"/usr/lib/x86_64-linux-gnu/gconv/LATIN-GREEK.so","","file",""
"/usr/lib/x86_64-linux-gnu/gconv/MAC-CENTRALEUROPE.so","","file",""
"/usr/lib/x86_64-linux-gnu/gconv/MAC-IS.so","","file",""
"/usr/lib/x86_64-linux-gnu/gconv/MAC-SAMI.so","","file",""
"/usr/lib/x86_64-linux-gnu/gconv/MAC-UK.so","","file",""
"/usr/lib/x86_64-linux-gnu/gconv/MACINTOSH.so","","file",""
"/usr/lib/x86_64-linux-gnu/gconv/MIK.so","","file",""
"/usr/lib/x86_64-linux-gnu/gconv/NATS-DANO.so","","file",""
"/usr/lib/x86_64-linux-gnu/gconv/NATS-SEFI.so","","file",""
"/usr/lib/x86_64-linux-gnu/gconv/PT154.so","","file",""
"/usr/lib/x86_64-linux-gnu/gconv/RK1048.so","","file",""
"/usr/lib/x86_64-linux-gnu/gconv/SAMI-WS2.so","","file",""
"/usr/lib/x86_64-linux-gnu/gconv/SHIFT_JISX0213.so","","file",""
"/usr/lib/x86_64-linux-gnu/gconv/SJIS.so","","file",""
"/usr/lib/x86_64-linux-gnu/gconv/T.61.so","","file",""
"/usr/lib/x86_64-linux-gnu/gconv/TCVN5712-1.so","","file",""
"/usr/lib/x86_64-linux-gnu/gconv/TIS-620.so","","file",""
"/usr/lib/x86_64-linux-gnu/gconv/TSCII.so","","file",""
"/usr/lib/x86_64-linux-gnu/gconv/UHC.so","","file",""
"/usr/lib/x86_64-linux-gnu/gconv/UNICODE.so","","file",""
"/usr/lib/x86_64-linux-gnu/gconv/UTF-16.so","","file",""
"/usr/lib/x86_64-linux-gnu/gconv/UTF-32.so","","file",""
"/usr/lib/x86_64-linux-gnu/gconv/UTF-7.so","","file",""
"/usr/lib/x86_64-linux-gnu/gconv/VISCII.so","","file",""
"/usr/lib/x86_64-linux-gnu/gconv/gconv-modules","","file",""
"/usr/lib/x86_64-linux-gnu/gconv/gconv-modules.cache","","file",""
"/usr/lib/x86_64-linux-gnu/gconv/gconv-modules.d/gconv-modules-extra.conf","","file",""
"/usr/lib/x86_64-linux-gnu/gconv/libCNS.so","","file",""
"/usr/lib/x86_64-linux-gnu/gconv/libGB.so","","file",""
"/usr/lib/x86_64-linux-gnu/gconv/libISOIR165.so","","file",""
"/usr/lib/x86_64-linux-gnu/gconv/libJIS.so","","file",""
"/usr/lib/x86_64-linux-gnu/gconv/libJISX0213.so","","file",""
"/usr/lib/x86_64-linux-gnu/gconv/libKSC.so","","file",""
"/usr/lib/x86_64-linux-gnu/ld-linux-x86-64.so.2","","file",""
"/usr/lib/x86_64-linux-gnu/libBrokenLocale.so.1","","file",""
"/usr/lib/x86_64-linux-gnu/libacl.so.1.1.2302","","file",""
"/usr/lib/x86_64-linux-gnu/libanl.so.1","","file",""
"/usr/lib/x86_64-linux-gnu/libapt-pkg.so.7.0.0","","file",""
"/usr/lib/x86_64-linux-gnu/libapt-private.so.0.0.0","","file",""
"/usr/lib/x86_64-linux-gnu/libattr.so.1.1.2502","","file",""
"/usr/lib/x86_64-linux-gnu/libaudit.so.1.0.0","","file",""
"/usr/lib/x86_64-linux-gnu/libblkid.so.1.1.0","","file",""
"/usr/lib/x86_64-linux-gnu/libbsd.so.0.12.2","","file",""
"/usr/lib/x86_64-linux-gnu/libbz2.so.1.0.4","","file",""
"/usr/lib/x86_64-linux-gnu/libc.so.6","","file",""
"/usr/lib/x86_64-linux-gnu/libc_malloc_debug.so.0","","file",""
"/usr/lib/x86_64-linux-gnu/libcap-ng.so.0.0.0","","file",""
"/usr/lib/x86_64-linux-gnu/libcap.so.2.75","","file",""
"/usr/lib/x86_64-linux-gnu/libcrypt.so.1.1.0","","file",""
"/usr/lib/x86_64-linux-gnu/libdb-5.3.so","","file",""
"/usr/lib/x86_64-linux-gnu/libdebconfclient.so.0.0.0","","file",""
"/usr/lib/x86_64-linux-gnu/libdl.so.2","","file",""
"/usr/lib/x86_64-linux-gnu/libdrop_ambient.so.0.0.0","","file",""
"/usr/lib/x86_64-linux-gnu/libgcc_s.so.1","","file",""
"/usr/lib/x86_64-linux-gnu/libgmp.so.10.5.0","","file",""
"/usr/lib/x86_64-linux-gnu/libhogweed.so.6.10","","file",""
"/usr/lib/x86_64-linux-gnu/liblastlog2.so.2.0.0","","file",""
"/usr/lib/x86_64-linux-gnu/liblz4.so.1.10.0","","file",""
"/usr/lib/x86_64-linux-gnu/liblzma.so.5.8.1","","file",""
"/usr/lib/x86_64-linux-gnu/libm.so.6","","file",""
"/usr/lib/x86_64-linux-gnu/libmd.so.0.1.0","","file",""
"/usr/lib/x86_64-linux-gnu/libmemusage.so","","file",""
"/usr/lib/x86_64-linux-gnu/libmount.so.1.1.0","","file",""
"/usr/lib/x86_64-linux-gnu/libmvec.so.1","","file",""
"/usr/lib/x86_64-linux-gnu/libnettle.so.8.10","","file",""
"/usr/lib/x86_64-linux-gnu/libnsl.so.1","","file",""
"/usr/lib/x86_64-linux-gnu/libnss_compat.so.2","","file",""
"/usr/lib/x86_64-linux-gnu/libnss_dns.so.2","","file",""
"/usr/lib/x86_64-linux-gnu/libnss_files.so.2","","file",""
"/usr/lib/x86_64-linux-gnu/libnss_hesiod.so.2","","file",""
"/usr/lib/x86_64-linux-gnu/libpam.so.0.85.1","","file",""
"/usr/lib/x86_64-linux-gnu/libpam_misc.so.0.82.1","","file",""
"/usr/lib/x86_64-linux-gnu/libpamc.so.0.82.1","","file",""
"/usr/lib/x86_64-linux-gnu/libpcprofile.so","","file",""
"/usr/lib/x86_64-linux-gnu/libpsx.so.2.75","","file",""
"/usr/lib/x86_64-linux-gnu/libpthread.so.0","","file",""
"/usr/lib/x86_64-linux-gnu/libresolv.so.2","","file",""
"/usr/lib/x86_64-linux-gnu/librt.so.1","","file",""
"/usr/lib/x86_64-linux-gnu/libseccomp.so.2.6.0","","file",""
"/usr/lib/x86_64-linux-gnu/libselinux.so.1","","file",""
"/usr/lib/x86_64-linux-gnu/libsemanage.so.2","","file",""
"/usr/lib/x86_64-linux-gnu/libsepol.so.2","","file",""
"/usr/lib/x86_64-linux-gnu/libsmartcols.so.1.1.0","","file",""
"/usr/lib/x86_64-linux-gnu/libsqlite3.so.0.8.6","","file",""
"/usr/lib/x86_64-linux-gnu/libstdc++.so.6.0.33","","file",""
"/usr/lib/x86_64-linux-gnu/libsystemd.so.0.40.0","","file",""
"/usr/lib/x86_64-linux-gnu/libthread_db.so.1","","file",""
"/usr/lib/x86_64-linux-gnu/libtic.so.6.5","","file",""
"/usr/lib/x86_64-linux-gnu/libtinfo.so.6.5","","file",""
"/usr/lib/x86_64-linux-gnu/libudev.so.1.7.10","","file",""
"/usr/lib/x86_64-linux-gnu/libutil.so.1","","file",""
"/usr/lib/x86_64-linux-gnu/libuuid.so.1.3.0","","file",""
"/usr/lib/x86_64-linux-gnu/libxxhash.so.0.8.3","","file",""
"/usr/lib/x86_64-linux-gnu/libz.so.1.3.1","","file",""
"/usr/lib/x86_64-linux-gnu/libzstd.so.1.5.7","","file",""
"/usr/lib/x86_64-linux-gnu/perl-base/AutoLoader.pm","","file",""
"/usr/lib/x86_64-linux-gnu/perl-base/Carp.pm","","file",""
"/usr/lib/x86_64-linux-gnu/perl-base/Carp/Heavy.pm","","file",""
"/usr/lib/x86_64-linux-gnu/perl-base/Config.pm","","file",""
"/usr/lib/x86_64-linux-gnu/perl-base/Config_git.pl","","file",""
"/usr/lib/x86_64-linux-gnu/perl-base/Config_heavy.pl","","file",""
"/usr/lib/x86_64-linux-gnu/perl-base/Cwd.pm","","file",""
"/usr/lib/x86_64-linux-gnu/perl-base/DynaLoader.pm","","file",""
"/usr/lib/x86_64-linux-gnu/perl-base/Errno.pm","","file",""
"/usr/lib/x86_64-linux-gnu/perl-base/Exporter.pm","","file",""
"/usr/lib/x86_64-linux-gnu/perl-base/Exporter/Heavy.pm","","file",""
"/usr/lib/x86_64-linux-gnu/perl-base/Fcntl.pm","","file",""
"/usr/lib/x86_64-linux-gnu/perl-base/File/Basename.pm","","file",""
"/usr/lib/x86_64-linux-gnu/perl-base/File/Glob.pm","","file",""
"/usr/lib/x86_64-linux-gnu/perl-base/File/Path.pm","","file",""
"/usr/lib/x86_64-linux-gnu/perl-base/File/Spec.pm","","file",""
"/usr/lib/x86_64-linux-gnu/perl-base/File/Spec/Unix.pm","","file",""
"/usr/lib/x86_64-linux-gnu/perl-base/File/Temp.pm","","file",""
"/usr/lib/x86_64-linux-gnu/perl-base/FileHandle.pm","","file",""
"/usr/lib/x86_64-linux-gnu/perl-base/Getopt/Long.pm","","file",""
"/usr/lib/x86_64-linux-gnu/perl-base/Getopt/Long/Parser.pm","","file",""
"/usr/lib/x86_64-linux-gnu/perl-base/Hash/Util.pm","","file",""
"/usr/lib/x86_64-linux-gnu/perl-base/IO.pm","","file",""
"/usr/lib/x86_64-linux-gnu/perl-base/IO/File.pm","","file",""
"/usr/lib/x86_64-linux-gnu/perl-base/IO/Handle.pm","","file",""
"/usr/lib/x86_64-linux-gnu/perl-base/IO/Pipe.pm","","file",""
"/usr/lib/x86_64-linux-gnu/perl-base/IO/Seekable.pm","","file",""
"/usr/lib/x86_64-linux-gnu/perl-base/IO/Select.pm","","file",""
"/usr/lib/x86_64-linux-gnu/perl-base/IO/Socket.pm","","file",""
"/usr/lib/x86_64-linux-gnu/perl-base/IO/Socket/INET.pm","","file",""
"/usr/lib/x86_64-linux-gnu/perl-base/IO/Socket/IP.pm","","file",""
"/usr/lib/x86_64-linux-gnu/perl-base/IO/Socket/UNIX.pm","","file",""
"/usr/lib/x86_64-linux-gnu/perl-base/IPC/Open2.pm","","file",""
"/usr/lib/x86_64-linux-gnu/perl-base/IPC/Open3.pm","","file",""
"/usr/lib/x86_64-linux-gnu/perl-base/List/Util.pm","","file",""
"/usr/lib/x86_64-linux-gnu/perl-base/POSIX.pm","","file",""
"/usr/lib/x86_64-linux-gnu/perl-base/Scalar/Util.pm","","file",""
"/usr/lib/x86_64-linux-gnu/perl-base/SelectSaver.pm","","file",""
"/usr/lib/x86_64-linux-gnu/perl-base/Socket.pm","","file",""
"/usr/lib/x86_64-linux-gnu/perl-base/Symbol.pm","","file",""
"/usr/lib/x86_64-linux-gnu/perl-base/Text/ParseWords.pm","","file",""
"/usr/lib/x86_64-linux-gnu/perl-base/Text/Tabs.pm","","file",""
"/usr/lib/x86_64-linux-gnu/perl-base/Text/Wrap.pm","","file",""
"/usr/lib/x86_64-linux-gnu/perl-base/Tie/Hash.pm","","file",""
"/usr/lib/x86_64-linux-gnu/perl-base/XSLoader.pm","","file",""
"/usr/lib/x86_64-linux-gnu/perl-base/attributes.pm","","file",""
"/usr/lib/x86_64-linux-gnu/perl-base/auto/Cwd/Cwd.so","","file",""
"/usr/lib/x86_64-linux-gnu/perl-base/auto/Fcntl/Fcntl.so","","file",""
"/usr/lib/x86_64-linux-gnu/perl-base/auto/File/Glob/Glob.so","","file",""
"/usr/lib/x86_64-linux-gnu/perl-base/auto/Hash/Util/Util.so","","file",""
"/usr/lib/x86_64-linux-gnu/perl-base/auto/IO/IO.so","","file",""
"/usr/lib/x86_64-linux-gnu/perl-base/auto/List/Util/Util.so","","file",""
"/usr/lib/x86_64-linux-gnu/perl-base/auto/POSIX/POSIX.so","","file",""
"/usr/lib/x86_64-linux-gnu/perl-base/auto/Socket/Socket.so","","file",""
"/usr/lib/x86_64-linux-gnu/perl-base/auto/attributes/attributes.so","","file",""
"/usr/lib/x86_64-linux-gnu/perl-base/auto/re/re.so","","file",""
"/usr/lib/x86_64-linux-gnu/perl-base/base.pm","","file",""
"/usr/lib/x86_64-linux-gnu/perl-base/builtin.pm","","file",""
"/usr/lib/x86_64-linux-gnu/perl-base/bytes.pm","","file",""
"/usr/lib/x86_64-linux-gnu/perl-base/constant.pm","","file",""
"/usr/lib/x86_64-linux-gnu/perl-base/feature.pm","","file",""
"/usr/lib/x86_64-linux-gnu/perl-base/fields.pm","","file",""
"/usr/lib/x86_64-linux-gnu/perl-base/integer.pm","","file",""
"/usr/lib/x86_64-linux-gnu/perl-base/lib.pm","","file",""
"/usr/lib/x86_64-linux-gnu/perl-base/locale.pm","","file",""
"/usr/lib/x86_64-linux-gnu/perl-base/overload.pm","","file",""
"/usr/lib/x86_64-linux-gnu/perl-base/overloading.pm","","file",""
"/usr/lib/x86_64-linux-gnu/perl-base/parent.pm","","file",""
"/usr/lib/x86_64-linux-gnu/perl-base/re.pm","","file",""
"/usr/lib/x86_64-linux-gnu/perl-base/strict.pm","","file",""
"/usr/lib/x86_64-linux-gnu/perl-base/unicore/To/Age.pl","","file",""
"/usr/lib/x86_64-linux-gnu/perl-base/unicore/To/Bc.pl","","file",""
"/usr/lib/x86_64-linux-gnu/perl-base/unicore/To/Bmg.pl","","file",""
"/usr/lib/x86_64-linux-gnu/perl-base/unicore/To/Bpb.pl","","file",""
"/usr/lib/x86_64-linux-gnu/perl-base/unicore/To/Bpt.pl","","file",""
"/usr/lib/x86_64-linux-gnu/perl-base/unicore/To/Cf.pl","","file",""
"/usr/lib/x86_64-linux-gnu/perl-base/unicore/To/Ea.pl","","file",""
"/usr/lib/x86_64-linux-gnu/perl-base/unicore/To/EqUIdeo.pl","","file",""
"/usr/lib/x86_64-linux-gnu/perl-base/unicore/To/GCB.pl","","file",""
"/usr/lib/x86_64-linux-gnu/perl-base/unicore/To/Gc.pl","","file",""
"/usr/lib/x86_64-linux-gnu/perl-base/unicore/To/Hst.pl","","file",""
"/usr/lib/x86_64-linux-gnu/perl-base/unicore/To/Identif2.pl","","file",""
"/usr/lib/x86_64-linux-gnu/perl-base/unicore/To/Identifi.pl","","file",""
"/usr/lib/x86_64-linux-gnu/perl-base/unicore/To/InPC.pl","","file",""
"/usr/lib/x86_64-linux-gnu/perl-base/unicore/To/InSC.pl","","file",""
"/usr/lib/x86_64-linux-gnu/perl-base/unicore/To/Isc.pl","","file",""
"/usr/lib/x86_64-linux-gnu/perl-base/unicore/To/Jg.pl","","file",""
"/usr/lib/x86_64-linux-gnu/perl-base/unicore/To/Jt.pl","","file",""
"/usr/lib/x86_64-linux-gnu/perl-base/unicore/To/Lb.pl","","file",""
"/usr/lib/x86_64-linux-gnu/perl-base/unicore/To/Lc.pl","","file",""
"/usr/lib/x86_64-linux-gnu/perl-base/unicore/To/NFCQC.pl","","file",""
"/usr/lib/x86_64-linux-gnu/perl-base/unicore/To/NFDQC.pl","","file",""
"/usr/lib/x86_64-linux-gnu/perl-base/unicore/To/NFKCCF.pl","","file",""
"/usr/lib/x86_64-linux-gnu/perl-base/unicore/To/NFKCQC.pl","","file",""
"/usr/lib/x86_64-linux-gnu/perl-base/unicore/To/NFKDQC.pl","","file",""
"/usr/lib/x86_64-linux-gnu/perl-base/unicore/To/Na1.pl","","file",""
"/usr/lib/x86_64-linux-gnu/perl-base/unicore/To/NameAlia.pl","","file",""
"/usr/lib/x86_64-linux-gnu/perl-base/unicore/To/Nt.pl","","file",""
"/usr/lib/x86_64-linux-gnu/perl-base/unicore/To/Nv.pl","","file",""
"/usr/lib/x86_64-linux-gnu/perl-base/unicore/To/PerlDeci.pl","","file",""
"/usr/lib/x86_64-linux-gnu/perl-base/unicore/To/SB.pl","","file",""
"/usr/lib/x86_64-linux-gnu/perl-base/unicore/To/Sc.pl","","file",""
"/usr/lib/x86_64-linux-gnu/perl-base/unicore/To/Scx.pl","","file",""
"/usr/lib/x86_64-linux-gnu/perl-base/unicore/To/Tc.pl","","file",""
"/usr/lib/x86_64-linux-gnu/perl-base/unicore/To/Uc.pl","","file",""
"/usr/lib/x86_64-linux-gnu/perl-base/unicore/To/Vo.pl","","file",""
"/usr/lib/x86_64-linux-gnu/perl-base/unicore/To/WB.pl","","file",""
"/usr/lib/x86_64-linux-gnu/perl-base/unicore/To/_PerlLB.pl","","file",""
"/usr/lib/x86_64-linux-gnu/perl-base/unicore/To/_PerlSCX.pl","","file",""
"/usr/lib/x86_64-linux-gnu/perl-base/unicore/lib/Age/NA.pl","","file",""
"/usr/lib/x86_64-linux-gnu/perl-base/unicore/lib/Age/V100.pl","","file",""
"/usr/lib/x86_64-linux-gnu/perl-base/unicore/lib/Age/V11.pl","","file",""
"/usr/lib/x86_64-linux-gnu/perl-base/unicore/lib/Age/V110.pl","","file",""
"/usr/lib/x86_64-linux-gnu/perl-base/unicore/lib/Age/V120.pl","","file",""
"/usr/lib/x86_64-linux-gnu/perl-base/unicore/lib/Age/V130.pl","","file",""
"/usr/lib/x86_64-linux-gnu/perl-base/unicore/lib/Age/V140.pl","","file",""
"/usr/lib/x86_64-linux-gnu/perl-base/unicore/lib/Age/V150.pl","","file",""
"/usr/lib/x86_64-linux-gnu/perl-base/unicore/lib/Age/V20.pl","","file",""
"/usr/lib/x86_64-linux-gnu/perl-base/unicore/lib/Age/V30.pl","","file",""
"/usr/lib/x86_64-linux-gnu/perl-base/unicore/lib/Age/V31.pl","","file",""
"/usr/lib/x86_64-linux-gnu/perl-base/unicore/lib/Age/V32.pl","","file",""
"/usr/lib/x86_64-linux-gnu/perl-base/unicore/lib/Age/V40.pl","","file",""
"/usr/lib/x86_64-linux-gnu/perl-base/unicore/lib/Age/V41.pl","","file",""
"/usr/lib/x86_64-linux-gnu/perl-base/unicore/lib/Age/V50.pl","","file",""
"/usr/lib/x86_64-linux-gnu/perl-base/unicore/lib/Age/V51.pl","","file",""
"/usr/lib/x86_64-linux-gnu/perl-base/unicore/lib/Age/V52.pl","","file",""
"/usr/lib/x86_64-linux-gnu/perl-base/unicore/lib/Age/V60.pl","","file",""
"/usr/lib/x86_64-linux-gnu/perl-base/unicore/lib/Age/V61.pl","","file",""
"/usr/lib/x86_64-linux-gnu/perl-base/unicore/lib/Age/V70.pl","","file",""
"/usr/lib/x86_64-linux-gnu/perl-base/unicore/lib/Age/V80.pl","","file",""
"/usr/lib/x86_64-linux-gnu/perl-base/unicore/lib/Age/V90.pl","","file",""
"/usr/lib/x86_64-linux-gnu/perl-base/unicore/lib/Alpha/Y.pl","","file",""
"/usr/lib/x86_64-linux-gnu/perl-base/unicore/lib/Bc/AL.pl","","file",""
"/usr/lib/x86_64-linux-gnu/perl-base/unicore/lib/Bc/AN.pl","","file",""
"/usr/lib/x86_64-linux-gnu/perl-base/unicore/lib/Bc/B.pl","","file",""
"/usr/lib/x86_64-linux-gnu/perl-base/unicore/lib/Bc/BN.pl","","file",""
"/usr/lib/x86_64-linux-gnu/perl-base/unicore/lib/Bc/CS.pl","","file",""
"/usr/lib/x86_64-linux-gnu/perl-base/unicore/lib/Bc/EN.pl","","file",""
"/usr/lib/x86_64-linux-gnu/perl-base/unicore/lib/Bc/ES.pl","","file",""
"/usr/lib/x86_64-linux-gnu/perl-base/unicore/lib/Bc/ET.pl","","file",""
"/usr/lib/x86_64-linux-gnu/perl-base/unicore/lib/Bc/L.pl","","file",""
"/usr/lib/x86_64-linux-gnu/perl-base/unicore/lib/Bc/NSM.pl","","file",""
"/usr/lib/x86_64-linux-gnu/perl-base/unicore/lib/Bc/ON.pl","","file",""
"/usr/lib/x86_64-linux-gnu/perl-base/unicore/lib/Bc/R.pl","","file",""
"/usr/lib/x86_64-linux-gnu/perl-base/unicore/lib/Bc/WS.pl","","file",""
"/usr/lib/x86_64-linux-gnu/perl-base/unicore/lib/BidiC/Y.pl","","file",""
"/usr/lib/x86_64-linux-gnu/perl-base/unicore/lib/BidiM/Y.pl","","file",""
"/usr/lib/x86_64-linux-gnu/perl-base/unicore/lib/Blk/NB.pl","","file",""
"/usr/lib/x86_64-linux-gnu/perl-base/unicore/lib/Bpt/C.pl","","file",""
"/usr/lib/x86_64-linux-gnu/perl-base/unicore/lib/Bpt/N.pl","","file",""
"/usr/lib/x86_64-linux-gnu/perl-base/unicore/lib/Bpt/O.pl","","file",""
"/usr/lib/x86_64-linux-gnu/perl-base/unicore/lib/CE/Y.pl","","file",""
"/usr/lib/x86_64-linux-gnu/perl-base/unicore/lib/CI/Y.pl","","file",""
"/usr/lib/x86_64-linux-gnu/perl-base/unicore/lib/CWCF/Y.pl","","file",""
"/usr/lib/x86_64-linux-gnu/perl-base/unicore/lib/CWCM/Y.pl","","file",""
"/usr/lib/x86_64-linux-gnu/perl-base/unicore/lib/CWKCF/Y.pl","","file",""
"/usr/lib/x86_64-linux-gnu/perl-base/unicore/lib/CWL/Y.pl","","file",""
"/usr/lib/x86_64-linux-gnu/perl-base/unicore/lib/CWT/Y.pl","","file",""
"/usr/lib/x86_64-linux-gnu/perl-base/unicore/lib/CWU/Y.pl","","file",""
"/usr/lib/x86_64-linux-gnu/perl-base/unicore/lib/Cased/Y.pl","","file",""
"/usr/lib/x86_64-linux-gnu/perl-base/unicore/lib/Ccc/A.pl","","file",""
"/usr/lib/x86_64-linux-gnu/perl-base/unicore/lib/Ccc/AL.pl","","file",""
"/usr/lib/x86_64-linux-gnu/perl-base/unicore/lib/Ccc/AR.pl","","file",""
"/usr/lib/x86_64-linux-gnu/perl-base/unicore/lib/Ccc/ATAR.pl","","file",""
"/usr/lib/x86_64-linux-gnu/perl-base/unicore/lib/Ccc/B.pl","","file",""
"/usr/lib/x86_64-linux-gnu/perl-base/unicore/lib/Ccc/BR.pl","","file",""
"/usr/lib/x86_64-linux-gnu/perl-base/unicore/lib/Ccc/DB.pl","","file",""
"/usr/lib/x86_64-linux-gnu/perl-base/unicore/lib/Ccc/NK.pl","","file",""
"/usr/lib/x86_64-linux-gnu/perl-base/unicore/lib/Ccc/NR.pl","","file",""
"/usr/lib/x86_64-linux-gnu/perl-base/unicore/lib/Ccc/OV.pl","","file",""
"/usr/lib/x86_64-linux-gnu/perl-base/unicore/lib/Ccc/VR.pl","","file",""
"/usr/lib/x86_64-linux-gnu/perl-base/unicore/lib/CompEx/Y.pl","","file",""
"/usr/lib/x86_64-linux-gnu/perl-base/unicore/lib/DI/Y.pl","","file",""
"/usr/lib/x86_64-linux-gnu/perl-base/unicore/lib/Dash/Y.pl","","file",""
"/usr/lib/x86_64-linux-gnu/perl-base/unicore/lib/Dep/Y.pl","","file",""
"/usr/lib/x86_64-linux-gnu/perl-base/unicore/lib/Dia/Y.pl","","file",""
"/usr/lib/x86_64-linux-gnu/perl-base/unicore/lib/Dt/Com.pl","","file",""
"/usr/lib/x86_64-linux-gnu/perl-base/unicore/lib/Dt/Enc.pl","","file",""
"/usr/lib/x86_64-linux-gnu/perl-base/unicore/lib/Dt/Fin.pl","","file",""
"/usr/lib/x86_64-linux-gnu/perl-base/unicore/lib/Dt/Font.pl","","file",""
"/usr/lib/x86_64-linux-gnu/perl-base/unicore/lib/Dt/Init.pl","","file",""
"/usr/lib/x86_64-linux-gnu/perl-base/unicore/lib/Dt/Iso.pl","","file",""
"/usr/lib/x86_64-linux-gnu/perl-base/unicore/lib/Dt/Med.pl","","file",""
"/usr/lib/x86_64-linux-gnu/perl-base/unicore/lib/Dt/Nar.pl","","file",""
"/usr/lib/x86_64-linux-gnu/perl-base/unicore/lib/Dt/Nb.pl","","file",""
"/usr/lib/x86_64-linux-gnu/perl-base/unicore/lib/Dt/NonCanon.pl","","file",""
"/usr/lib/x86_64-linux-gnu/perl-base/unicore/lib/Dt/Sqr.pl","","file",""
"/usr/lib/x86_64-linux-gnu/perl-base/unicore/lib/Dt/Sub.pl","","file",""
"/usr/lib/x86_64-linux-gnu/perl-base/unicore/lib/Dt/Sup.pl","","file",""
"/usr/lib/x86_64-linux-gnu/perl-base/unicore/lib/Dt/Vert.pl","","file",""
"/usr/lib/x86_64-linux-gnu/perl-base/unicore/lib/EBase/Y.pl","","file",""
"/usr/lib/x86_64-linux-gnu/perl-base/unicore/lib/EComp/Y.pl","","file",""
"/usr/lib/x86_64-linux-gnu/perl-base/unicore/lib/EPres/Y.pl","","file",""
"/usr/lib/x86_64-linux-gnu/perl-base/unicore/lib/Ea/A.pl","","file",""
"/usr/lib/x86_64-linux-gnu/perl-base/unicore/lib/Ea/H.pl","","file",""
"/usr/lib/x86_64-linux-gnu/perl-base/unicore/lib/Ea/N.pl","","file",""
"/usr/lib/x86_64-linux-gnu/perl-base/unicore/lib/Ea/Na.pl","","file",""
"/usr/lib/x86_64-linux-gnu/perl-base/unicore/lib/Ea/W.pl","","file",""
"/usr/lib/x86_64-linux-gnu/perl-base/unicore/lib/Emoji/Y.pl","","file",""
"/usr/lib/x86_64-linux-gnu/perl-base/unicore/lib/Ext/Y.pl","","file",""
"/usr/lib/x86_64-linux-gnu/perl-base/unicore/lib/ExtPict/Y.pl","","file",""
"/usr/lib/x86_64-linux-gnu/perl-base/unicore/lib/GCB/CN.pl","","file",""
"/usr/lib/x86_64-linux-gnu/perl-base/unicore/lib/GCB/EX.pl","","file",""
"/usr/lib/x86_64-linux-gnu/perl-base/unicore/lib/GCB/LV.pl","","file",""
"/usr/lib/x86_64-linux-gnu/perl-base/unicore/lib/GCB/LVT.pl","","file",""
"/usr/lib/x86_64-linux-gnu/perl-base/unicore/lib/GCB/PP.pl","","file",""
"/usr/lib/x86_64-linux-gnu/perl-base/unicore/lib/GCB/SM.pl","","file",""
"/usr/lib/x86_64-linux-gnu/perl-base/unicore/lib/GCB/XX.pl","","file",""
"/usr/lib/x86_64-linux-gnu/perl-base/unicore/lib/Gc/C.pl","","file",""
"/usr/lib/x86_64-linux-gnu/perl-base/unicore/lib/Gc/Cf.pl","","file",""
"/usr/lib/x86_64-linux-gnu/perl-base/unicore/lib/Gc/Cn.pl","","file",""
"/usr/lib/x86_64-linux-gnu/perl-base/unicore/lib/Gc/L.pl","","file",""
"/usr/lib/x86_64-linux-gnu/perl-base/unicore/lib/Gc/LC.pl","","file",""
"/usr/lib/x86_64-linux-gnu/perl-base/unicore/lib/Gc/Ll.pl","","file",""
"/usr/lib/x86_64-linux-gnu/perl-base/unicore/lib/Gc/Lm.pl","","file",""
"/usr/lib/x86_64-linux-gnu/perl-base/unicore/lib/Gc/Lo.pl","","file",""
"/usr/lib/x86_64-linux-gnu/perl-base/unicore/lib/Gc/Lu.pl","","file",""
"/usr/lib/x86_64-linux-gnu/perl-base/unicore/lib/Gc/M.pl","","file",""
"/usr/lib/x86_64-linux-gnu/perl-base/unicore/lib/Gc/Mc.pl","","file",""
"/usr/lib/x86_64-linux-gnu/perl-base/unicore/lib/Gc/Me.pl","","file",""
"/usr/lib/x86_64-linux-gnu/perl-base/unicore/lib/Gc/Mn.pl","","file",""
"/usr/lib/x86_64-linux-gnu/perl-base/unicore/lib/Gc/N.pl","","file",""
"/usr/lib/x86_64-linux-gnu/perl-base/unicore/lib/Gc/Nd.pl","","file",""
"/usr/lib/x86_64-linux-gnu/perl-base/unicore/lib/Gc/Nl.pl","","file",""
"/usr/lib/x86_64-linux-gnu/perl-base/unicore/lib/Gc/No.pl","","file",""
"/usr/lib/x86_64-linux-gnu/perl-base/unicore/lib/Gc/P.pl","","file",""
"/usr/lib/x86_64-linux-gnu/perl-base/unicore/lib/Gc/Pc.pl","","file",""
"/usr/lib/x86_64-linux-gnu/perl-base/unicore/lib/Gc/Pd.pl","","file",""
"/usr/lib/x86_64-linux-gnu/perl-base/unicore/lib/Gc/Pe.pl","","file",""
"/usr/lib/x86_64-linux-gnu/perl-base/unicore/lib/Gc/Pf.pl","","file",""
"/usr/lib/x86_64-linux-gnu/perl-base/unicore/lib/Gc/Pi.pl","","file",""
"/usr/lib/x86_64-linux-gnu/perl-base/unicore/lib/Gc/Po.pl","","file",""
"/usr/lib/x86_64-linux-gnu/perl-base/unicore/lib/Gc/Ps.pl","","file",""
"/usr/lib/x86_64-linux-gnu/perl-base/unicore/lib/Gc/S.pl","","file",""
"/usr/lib/x86_64-linux-gnu/perl-base/unicore/lib/Gc/Sc.pl","","file",""
"/usr/lib/x86_64-linux-gnu/perl-base/unicore/lib/Gc/Sk.pl","","file",""
"/usr/lib/x86_64-linux-gnu/perl-base/unicore/lib/Gc/Sm.pl","","file",""
"/usr/lib/x86_64-linux-gnu/perl-base/unicore/lib/Gc/So.pl","","file",""
"/usr/lib/x86_64-linux-gnu/perl-base/unicore/lib/Gc/Z.pl","","file",""
"/usr/lib/x86_64-linux-gnu/perl-base/unicore/lib/Gc/Zs.pl","","file",""
"/usr/lib/x86_64-linux-gnu/perl-base/unicore/lib/GrBase/Y.pl","","file",""
"/usr/lib/x86_64-linux-gnu/perl-base/unicore/lib/GrExt/Y.pl","","file",""
"/usr/lib/x86_64-linux-gnu/perl-base/unicore/lib/Hex/Y.pl","","file",""
"/usr/lib/x86_64-linux-gnu/perl-base/unicore/lib/Hst/NA.pl","","file",""
"/usr/lib/x86_64-linux-gnu/perl-base/unicore/lib/Hyphen/T.pl","","file",""
"/usr/lib/x86_64-linux-gnu/perl-base/unicore/lib/IDC/Y.pl","","file",""
"/usr/lib/x86_64-linux-gnu/perl-base/unicore/lib/IDS/Y.pl","","file",""
"/usr/lib/x86_64-linux-gnu/perl-base/unicore/lib/IdStatus/Allowed.pl","","file",""
"/usr/lib/x86_64-linux-gnu/perl-base/unicore/lib/IdStatus/Restrict.pl","","file",""
"/usr/lib/x86_64-linux-gnu/perl-base/unicore/lib/IdType/DefaultI.pl","","file",""
"/usr/lib/x86_64-linux-gnu/perl-base/unicore/lib/IdType/Exclusio.pl","","file",""
"/usr/lib/x86_64-linux-gnu/perl-base/unicore/lib/IdType/Inclusio.pl","","file",""
"/usr/lib/x86_64-linux-gnu/perl-base/unicore/lib/IdType/LimitedU.pl","","file",""
"/usr/lib/x86_64-linux-gnu/perl-base/unicore/lib/IdType/NotChara.pl","","file",""
"/usr/lib/x86_64-linux-gnu/perl-base/unicore/lib/IdType/NotNFKC.pl","","file",""
"/usr/lib/x86_64-linux-gnu/perl-base/unicore/lib/IdType/NotXID.pl","","file",""
"/usr/lib/x86_64-linux-gnu/perl-base/unicore/lib/IdType/Obsolete.pl","","file",""
"/usr/lib/x86_64-linux-gnu/perl-base/unicore/lib/IdType/Recommen.pl","","file",""
"/usr/lib/x86_64-linux-gnu/perl-base/unicore/lib/IdType/Technica.pl","","file",""
"/usr/lib/x86_64-linux-gnu/perl-base/unicore/lib/IdType/Uncommon.pl","","file",""
"/usr/lib/x86_64-linux-gnu/perl-base/unicore/lib/Ideo/Y.pl","","file",""
"/usr/lib/x86_64-linux-gnu/perl-base/unicore/lib/In/10_0.pl","","file",""
"/usr/lib/x86_64-linux-gnu/perl-base/unicore/lib/In/11_0.pl","","file",""
"/usr/lib/x86_64-linux-gnu/perl-base/unicore/lib/In/12_0.pl","","file",""
"/usr/lib/x86_64-linux-gnu/perl-base/unicore/lib/In/12_1.pl","","file",""
"/usr/lib/x86_64-linux-gnu/perl-base/unicore/lib/In/13_0.pl","","file",""
"/usr/lib/x86_64-linux-gnu/perl-base/unicore/lib/In/14_0.pl","","file",""
"/usr/lib/x86_64-linux-gnu/perl-base/unicore/lib/In/15_0.pl","","file",""
"/usr/lib/x86_64-linux-gnu/perl-base/unicore/lib/In/2_0.pl","","file",""
"/usr/lib/x86_64-linux-gnu/perl-base/unicore/lib/In/2_1.pl","","file",""
"/usr/lib/x86_64-linux-gnu/perl-base/unicore/lib/In/3_0.pl","","file",""
"/usr/lib/x86_64-linux-gnu/perl-base/unicore/lib/In/3_1.pl","","file",""
"/usr/lib/x86_64-linux-gnu/perl-base/unicore/lib/In/3_2.pl","","file",""
"/usr/lib/x86_64-linux-gnu/perl-base/unicore/lib/In/4_0.pl","","file",""
"/usr/lib/x86_64-linux-gnu/perl-base/unicore/lib/In/4_1.pl","","file",""
"/usr/lib/x86_64-linux-gnu/perl-base/unicore/lib/In/5_0.pl","","file",""
"/usr/lib/x86_64-linux-gnu/perl-base/unicore/lib/In/5_1.pl","","file",""
"/usr/lib/x86_64-linux-gnu/perl-base/unicore/lib/In/5_2.pl","","file",""
"/usr/lib/x86_64-linux-gnu/perl-base/unicore/lib/In/6_0.pl","","file",""
"/usr/lib/x86_64-linux-gnu/perl-base/unicore/lib/In/6_1.pl","","file",""
"/usr/lib/x86_64-linux-gnu/perl-base/unicore/lib/In/6_2.pl","","file",""
"/usr/lib/x86_64-linux-gnu/perl-base/unicore/lib/In/6_3.pl","","file",""
"/usr/lib/x86_64-linux-gnu/perl-base/unicore/lib/In/7_0.pl","","file",""
"/usr/lib/x86_64-linux-gnu/perl-base/unicore/lib/In/8_0.pl","","file",""
"/usr/lib/x86_64-linux-gnu/perl-base/unicore/lib/In/9_0.pl","","file",""
"/usr/lib/x86_64-linux-gnu/perl-base/unicore/lib/InPC/Bottom.pl","","file",""
"/usr/lib/x86_64-linux-gnu/perl-base/unicore/lib/InPC/BottomAn.pl","","file",""
"/usr/lib/x86_64-linux-gnu/perl-base/unicore/lib/InPC/Left.pl","","file",""
"/usr/lib/x86_64-linux-gnu/perl-base/unicore/lib/InPC/LeftAndR.pl","","file",""
"/usr/lib/x86_64-linux-gnu/perl-base/unicore/lib/InPC/NA.pl","","file",""
"/usr/lib/x86_64-linux-gnu/perl-base/unicore/lib/InPC/Overstru.pl","","file",""
"/usr/lib/x86_64-linux-gnu/perl-base/unicore/lib/InPC/Right.pl","","file",""
"/usr/lib/x86_64-linux-gnu/perl-base/unicore/lib/InPC/Top.pl","","file",""
"/usr/lib/x86_64-linux-gnu/perl-base/unicore/lib/InPC/TopAndBo.pl","","file",""
"/usr/lib/x86_64-linux-gnu/perl-base/unicore/lib/InPC/TopAndL2.pl","","file",""
"/usr/lib/x86_64-linux-gnu/perl-base/unicore/lib/InPC/TopAndLe.pl","","file",""
"/usr/lib/x86_64-linux-gnu/perl-base/unicore/lib/InPC/TopAndRi.pl","","file",""
"/usr/lib/x86_64-linux-gnu/perl-base/unicore/lib/InPC/VisualOr.pl","","file",""
"/usr/lib/x86_64-linux-gnu/perl-base/unicore/lib/InSC/Avagraha.pl","","file",""
"/usr/lib/x86_64-linux-gnu/perl-base/unicore/lib/InSC/Bindu.pl","","file",""
"/usr/lib/x86_64-linux-gnu/perl-base/unicore/lib/InSC/Cantilla.pl","","file",""
"/usr/lib/x86_64-linux-gnu/perl-base/unicore/lib/InSC/Consona2.pl","","file",""
"/usr/lib/x86_64-linux-gnu/perl-base/unicore/lib/InSC/Consona3.pl","","file",""
"/usr/lib/x86_64-linux-gnu/perl-base/unicore/lib/InSC/Consona4.pl","","file",""
"/usr/lib/x86_64-linux-gnu/perl-base/unicore/lib/InSC/Consona5.pl","","file",""
"/usr/lib/x86_64-linux-gnu/perl-base/unicore/lib/InSC/Consona6.pl","","file",""
"/usr/lib/x86_64-linux-gnu/perl-base/unicore/lib/InSC/Consona7.pl","","file",""
"/usr/lib/x86_64-linux-gnu/perl-base/unicore/lib/InSC/Consona8.pl","","file",""
"/usr/lib/x86_64-linux-gnu/perl-base/unicore/lib/InSC/Consona9.pl","","file",""
"/usr/lib/x86_64-linux-gnu/perl-base/unicore/lib/InSC/Consonan.pl","","file",""
"/usr/lib/x86_64-linux-gnu/perl-base/unicore/lib/InSC/Geminati.pl","","file",""
"/usr/lib/x86_64-linux-gnu/perl-base/unicore/lib/InSC/Invisibl.pl","","file",""
"/usr/lib/x86_64-linux-gnu/perl-base/unicore/lib/InSC/Nukta.pl","","file",""
"/usr/lib/x86_64-linux-gnu/perl-base/unicore/lib/InSC/Number.pl","","file",""
"/usr/lib/x86_64-linux-gnu/perl-base/unicore/lib/InSC/Other.pl","","file",""
"/usr/lib/x86_64-linux-gnu/perl-base/unicore/lib/InSC/PureKill.pl","","file",""
"/usr/lib/x86_64-linux-gnu/perl-base/unicore/lib/InSC/Syllable.pl","","file",""
"/usr/lib/x86_64-linux-gnu/perl-base/unicore/lib/InSC/ToneMark.pl","","file",""
"/usr/lib/x86_64-linux-gnu/perl-base/unicore/lib/InSC/Virama.pl","","file",""
"/usr/lib/x86_64-linux-gnu/perl-base/unicore/lib/InSC/Visarga.pl","","file",""
"/usr/lib/x86_64-linux-gnu/perl-base/unicore/lib/InSC/Vowel.pl","","file",""
"/usr/lib/x86_64-linux-gnu/perl-base/unicore/lib/InSC/VowelDep.pl","","file",""
"/usr/lib/x86_64-linux-gnu/perl-base/unicore/lib/InSC/VowelInd.pl","","file",""
"/usr/lib/x86_64-linux-gnu/perl-base/unicore/lib/Jg/Ain.pl","","file",""
"/usr/lib/x86_64-linux-gnu/perl-base/unicore/lib/Jg/Alef.pl","","file",""
"/usr/lib/x86_64-linux-gnu/perl-base/unicore/lib/Jg/Beh.pl","","file",""
"/usr/lib/x86_64-linux-gnu/perl-base/unicore/lib/Jg/Dal.pl","","file",""
"/usr/lib/x86_64-linux-gnu/perl-base/unicore/lib/Jg/FarsiYeh.pl","","file",""
"/usr/lib/x86_64-linux-gnu/perl-base/unicore/lib/Jg/Feh.pl","","file",""
"/usr/lib/x86_64-linux-gnu/perl-base/unicore/lib/Jg/Gaf.pl","","file",""
"/usr/lib/x86_64-linux-gnu/perl-base/unicore/lib/Jg/Hah.pl","","file",""
"/usr/lib/x86_64-linux-gnu/perl-base/unicore/lib/Jg/HanifiRo.pl","","file",""
"/usr/lib/x86_64-linux-gnu/perl-base/unicore/lib/Jg/Kaf.pl","","file",""
"/usr/lib/x86_64-linux-gnu/perl-base/unicore/lib/Jg/Lam.pl","","file",""
"/usr/lib/x86_64-linux-gnu/perl-base/unicore/lib/Jg/NoJoinin.pl","","file",""
"/usr/lib/x86_64-linux-gnu/perl-base/unicore/lib/Jg/Noon.pl","","file",""
"/usr/lib/x86_64-linux-gnu/perl-base/unicore/lib/Jg/Qaf.pl","","file",""
"/usr/lib/x86_64-linux-gnu/perl-base/unicore/lib/Jg/Reh.pl","","file",""
"/usr/lib/x86_64-linux-gnu/perl-base/unicore/lib/Jg/Sad.pl","","file",""
"/usr/lib/x86_64-linux-gnu/perl-base/unicore/lib/Jg/Seen.pl","","file",""
"/usr/lib/x86_64-linux-gnu/perl-base/unicore/lib/Jg/Tah.pl","","file",""
"/usr/lib/x86_64-linux-gnu/perl-base/unicore/lib/Jg/Waw.pl","","file",""
"/usr/lib/x86_64-linux-gnu/perl-base/unicore/lib/Jg/Yeh.pl","","file",""
"/usr/lib/x86_64-linux-gnu/perl-base/unicore/lib/Jt/C.pl","","file",""
"/usr/lib/x86_64-linux-gnu/perl-base/unicore/lib/Jt/D.pl","","file",""
"/usr/lib/x86_64-linux-gnu/perl-base/unicore/lib/Jt/L.pl","","file",""
"/usr/lib/x86_64-linux-gnu/perl-base/unicore/lib/Jt/R.pl","","file",""
"/usr/lib/x86_64-linux-gnu/perl-base/unicore/lib/Jt/T.pl","","file",""
"/usr/lib/x86_64-linux-gnu/perl-base/unicore/lib/Jt/U.pl","","file",""
"/usr/lib/x86_64-linux-gnu/perl-base/unicore/lib/Lb/AI.pl","","file",""
"/usr/lib/x86_64-linux-gnu/perl-base/unicore/lib/Lb/AL.pl","","file",""
"/usr/lib/x86_64-linux-gnu/perl-base/unicore/lib/Lb/BA.pl","","file",""
"/usr/lib/x86_64-linux-gnu/perl-base/unicore/lib/Lb/BB.pl","","file",""
"/usr/lib/x86_64-linux-gnu/perl-base/unicore/lib/Lb/CJ.pl","","file",""
"/usr/lib/x86_64-linux-gnu/perl-base/unicore/lib/Lb/CL.pl","","file",""
"/usr/lib/x86_64-linux-gnu/perl-base/unicore/lib/Lb/CM.pl","","file",""
"/usr/lib/x86_64-linux-gnu/perl-base/unicore/lib/Lb/EX.pl","","file",""
"/usr/lib/x86_64-linux-gnu/perl-base/unicore/lib/Lb/GL.pl","","file",""
"/usr/lib/x86_64-linux-gnu/perl-base/unicore/lib/Lb/ID.pl","","file",""
"/usr/lib/x86_64-linux-gnu/perl-base/unicore/lib/Lb/IN.pl","","file",""
"/usr/lib/x86_64-linux-gnu/perl-base/unicore/lib/Lb/IS.pl","","file",""
"/usr/lib/x86_64-linux-gnu/perl-base/unicore/lib/Lb/NS.pl","","file",""
"/usr/lib/x86_64-linux-gnu/perl-base/unicore/lib/Lb/NU.pl","","file",""
"/usr/lib/x86_64-linux-gnu/perl-base/unicore/lib/Lb/OP.pl","","file",""
"/usr/lib/x86_64-linux-gnu/perl-base/unicore/lib/Lb/PO.pl","","file",""
"/usr/lib/x86_64-linux-gnu/perl-base/unicore/lib/Lb/PR.pl","","file",""
"/usr/lib/x86_64-linux-gnu/perl-base/unicore/lib/Lb/QU.pl","","file",""
"/usr/lib/x86_64-linux-gnu/perl-base/unicore/lib/Lb/SA.pl","","file",""
"/usr/lib/x86_64-linux-gnu/perl-base/unicore/lib/Lb/XX.pl","","file",""
"/usr/lib/x86_64-linux-gnu/perl-base/unicore/lib/Lower/Y.pl","","file",""
"/usr/lib/x86_64-linux-gnu/perl-base/unicore/lib/Math/Y.pl","","file",""
"/usr/lib/x86_64-linux-gnu/perl-base/unicore/lib/NFCQC/M.pl","","file",""
"/usr/lib/x86_64-linux-gnu/perl-base/unicore/lib/NFCQC/Y.pl","","file",""
"/usr/lib/x86_64-linux-gnu/perl-base/unicore/lib/NFDQC/N.pl","","file",""
"/usr/lib/x86_64-linux-gnu/perl-base/unicore/lib/NFDQC/Y.pl","","file",""
"/usr/lib/x86_64-linux-gnu/perl-base/unicore/lib/NFKCQC/N.pl","","file",""
"/usr/lib/x86_64-linux-gnu/perl-base/unicore/lib/NFKCQC/Y.pl","","file",""
"/usr/lib/x86_64-linux-gnu/perl-base/unicore/lib/NFKDQC/N.pl","","file",""
"/usr/lib/x86_64-linux-gnu/perl-base/unicore/lib/NFKDQC/Y.pl","","file",""
"/usr/lib/x86_64-linux-gnu/perl-base/unicore/lib/Nt/Di.pl","","file",""
"/usr/lib/x86_64-linux-gnu/perl-base/unicore/lib/Nt/None.pl","","file",""
"/usr/lib/x86_64-linux-gnu/perl-base/unicore/lib/Nt/Nu.pl","","file",""
"/usr/lib/x86_64-linux-gnu/perl-base/unicore/lib/Nv/0.pl","","file",""
"/usr/lib/x86_64-linux-gnu/perl-base/unicore/lib/Nv/1.pl","","file",""
"/usr/lib/x86_64-linux-gnu/perl-base/unicore/lib/Nv/10.pl","","file",""
"/usr/lib/x86_64-linux-gnu/perl-base/unicore/lib/Nv/100.pl","","file",""
"/usr/lib/x86_64-linux-gnu/perl-base/unicore/lib/Nv/1000.pl","","file",""
"/usr/lib/x86_64-linux-gnu/perl-base/unicore/lib/Nv/10000.pl","","file",""
"/usr/lib/x86_64-linux-gnu/perl-base/unicore/lib/Nv/100000.pl","","file",""
"/usr/lib/x86_64-linux-gnu/perl-base/unicore/lib/Nv/11.pl","","file",""
"/usr/lib/x86_64-linux-gnu/perl-base/unicore/lib/Nv/12.pl","","file",""
"/usr/lib/x86_64-linux-gnu/perl-base/unicore/lib/Nv/13.pl","","file",""
"/usr/lib/x86_64-linux-gnu/perl-base/unicore/lib/Nv/14.pl","","file",""
"/usr/lib/x86_64-linux-gnu/perl-base/unicore/lib/Nv/15.pl","","file",""
"/usr/lib/x86_64-linux-gnu/perl-base/unicore/lib/Nv/16.pl","","file",""
"/usr/lib/x86_64-linux-gnu/perl-base/unicore/lib/Nv/17.pl","","file",""
"/usr/lib/x86_64-linux-gnu/perl-base/unicore/lib/Nv/18.pl","","file",""
"/usr/lib/x86_64-linux-gnu/perl-base/unicore/lib/Nv/19.pl","","file",""
"/usr/lib/x86_64-linux-gnu/perl-base/unicore/lib/Nv/1_16.pl","","file",""
"/usr/lib/x86_64-linux-gnu/perl-base/unicore/lib/Nv/1_2.pl","","file",""
"/usr/lib/x86_64-linux-gnu/perl-base/unicore/lib/Nv/1_3.pl","","file",""
"/usr/lib/x86_64-linux-gnu/perl-base/unicore/lib/Nv/1_4.pl","","file",""
"/usr/lib/x86_64-linux-gnu/perl-base/unicore/lib/Nv/1_6.pl","","file",""
"/usr/lib/x86_64-linux-gnu/perl-base/unicore/lib/Nv/1_8.pl","","file",""
"/usr/lib/x86_64-linux-gnu/perl-base/unicore/lib/Nv/2.pl","","file",""
"/usr/lib/x86_64-linux-gnu/perl-base/unicore/lib/Nv/20.pl","","file",""
"/usr/lib/x86_64-linux-gnu/perl-base/unicore/lib/Nv/200.pl","","file",""
"/usr/lib/x86_64-linux-gnu/perl-base/unicore/lib/Nv/2000.pl","","file",""
"/usr/lib/x86_64-linux-gnu/perl-base/unicore/lib/Nv/20000.pl","","file",""
"/usr/lib/x86_64-linux-gnu/perl-base/unicore/lib/Nv/2_3.pl","","file",""
"/usr/lib/x86_64-linux-gnu/perl-base/unicore/lib/Nv/3.pl","","file",""
"/usr/lib/x86_64-linux-gnu/perl-base/unicore/lib/Nv/30.pl","","file",""
"/usr/lib/x86_64-linux-gnu/perl-base/unicore/lib/Nv/300.pl","","file",""
"/usr/lib/x86_64-linux-gnu/perl-base/unicore/lib/Nv/3000.pl","","file",""
"/usr/lib/x86_64-linux-gnu/perl-base/unicore/lib/Nv/30000.pl","","file",""
"/usr/lib/x86_64-linux-gnu/perl-base/unicore/lib/Nv/3_16.pl","","file",""
"/usr/lib/x86_64-linux-gnu/perl-base/unicore/lib/Nv/3_4.pl","","file",""
"/usr/lib/x86_64-linux-gnu/perl-base/unicore/lib/Nv/4.pl","","file",""
"/usr/lib/x86_64-linux-gnu/perl-base/unicore/lib/Nv/40.pl","","file",""
"/usr/lib/x86_64-linux-gnu/perl-base/unicore/lib/Nv/400.pl","","file",""
"/usr/lib/x86_64-linux-gnu/perl-base/unicore/lib/Nv/4000.pl","","file",""
"/usr/lib/x86_64-linux-gnu/perl-base/unicore/lib/Nv/40000.pl","","file",""
"/usr/lib/x86_64-linux-gnu/perl-base/unicore/lib/Nv/5.pl","","file",""
"/usr/lib/x86_64-linux-gnu/perl-base/unicore/lib/Nv/50.pl","","file",""
"/usr/lib/x86_64-linux-gnu/perl-base/unicore/lib/Nv/500.pl","","file",""
"/usr/lib/x86_64-linux-gnu/perl-base/unicore/lib/Nv/5000.pl","","file",""
"/usr/lib/x86_64-linux-gnu/perl-base/unicore/lib/Nv/50000.pl","","file",""
"/usr/lib/x86_64-linux-gnu/perl-base/unicore/lib/Nv/6.pl","","file",""
"/usr/lib/x86_64-linux-gnu/perl-base/unicore/lib/Nv/60.pl","","file",""
"/usr/lib/x86_64-linux-gnu/perl-base/unicore/lib/Nv/600.pl","","file",""
"/usr/lib/x86_64-linux-gnu/perl-base/unicore/lib/Nv/6000.pl","","file",""
"/usr/lib/x86_64-linux-gnu/perl-base/unicore/lib/Nv/60000.pl","","file",""
"/usr/lib/x86_64-linux-gnu/perl-base/unicore/lib/Nv/7.pl","","file",""
"/usr/lib/x86_64-linux-gnu/perl-base/unicore/lib/Nv/70.pl","","file",""
"/usr/lib/x86_64-linux-gnu/perl-base/unicore/lib/Nv/700.pl","","file",""
"/usr/lib/x86_64-linux-gnu/perl-base/unicore/lib/Nv/7000.pl","","file",""
"/usr/lib/x86_64-linux-gnu/perl-base/unicore/lib/Nv/70000.pl","","file",""
"/usr/lib/x86_64-linux-gnu/perl-base/unicore/lib/Nv/8.pl","","file",""
"/usr/lib/x86_64-linux-gnu/perl-base/unicore/lib/Nv/80.pl","","file",""
"/usr/lib/x86_64-linux-gnu/perl-base/unicore/lib/Nv/800.pl","","file",""
"/usr/lib/x86_64-linux-gnu/perl-base/unicore/lib/Nv/8000.pl","","file",""
"/usr/lib/x86_64-linux-gnu/perl-base/unicore/lib/Nv/80000.pl","","file",""
"/usr/lib/x86_64-linux-gnu/perl-base/unicore/lib/Nv/9.pl","","file",""
"/usr/lib/x86_64-linux-gnu/perl-base/unicore/lib/Nv/90.pl","","file",""
"/usr/lib/x86_64-linux-gnu/perl-base/unicore/lib/Nv/900.pl","","file",""
"/usr/lib/x86_64-linux-gnu/perl-base/unicore/lib/Nv/9000.pl","","file",""
"/usr/lib/x86_64-linux-gnu/perl-base/unicore/lib/Nv/90000.pl","","file",""
"/usr/lib/x86_64-linux-gnu/perl-base/unicore/lib/PCM/Y.pl","","file",""
"/usr/lib/x86_64-linux-gnu/perl-base/unicore/lib/PatSyn/Y.pl","","file",""
"/usr/lib/x86_64-linux-gnu/perl-base/unicore/lib/Perl/Alnum.pl","","file",""
"/usr/lib/x86_64-linux-gnu/perl-base/unicore/lib/Perl/Assigned.pl","","file",""
"/usr/lib/x86_64-linux-gnu/perl-base/unicore/lib/Perl/Blank.pl","","file",""
"/usr/lib/x86_64-linux-gnu/perl-base/unicore/lib/Perl/Graph.pl","","file",""
"/usr/lib/x86_64-linux-gnu/perl-base/unicore/lib/Perl/PerlWord.pl","","file",""
"/usr/lib/x86_64-linux-gnu/perl-base/unicore/lib/Perl/PosixPun.pl","","file",""
"/usr/lib/x86_64-linux-gnu/perl-base/unicore/lib/Perl/Print.pl","","file",""
"/usr/lib/x86_64-linux-gnu/perl-base/unicore/lib/Perl/SpacePer.pl","","file",""
"/usr/lib/x86_64-linux-gnu/perl-base/unicore/lib/Perl/Title.pl","","file",""
"/usr/lib/x86_64-linux-gnu/perl-base/unicore/lib/Perl/Word.pl","","file",""
"/usr/lib/x86_64-linux-gnu/perl-base/unicore/lib/Perl/XPosixPu.pl","","file",""
"/usr/lib/x86_64-linux-gnu/perl-base/unicore/lib/Perl/_PerlAny.pl","","file",""
"/usr/lib/x86_64-linux-gnu/perl-base/unicore/lib/Perl/_PerlCh2.pl","","file",""
"/usr/lib/x86_64-linux-gnu/perl-base/unicore/lib/Perl/_PerlCha.pl","","file",""
"/usr/lib/x86_64-linux-gnu/perl-base/unicore/lib/Perl/_PerlFol.pl","","file",""
"/usr/lib/x86_64-linux-gnu/perl-base/unicore/lib/Perl/_PerlIDC.pl","","file",""
"/usr/lib/x86_64-linux-gnu/perl-base/unicore/lib/Perl/_PerlIDS.pl","","file",""
"/usr/lib/x86_64-linux-gnu/perl-base/unicore/lib/Perl/_PerlIsI.pl","","file",""
"/usr/lib/x86_64-linux-gnu/perl-base/unicore/lib/Perl/_PerlNch.pl","","file",""
"/usr/lib/x86_64-linux-gnu/perl-base/unicore/lib/Perl/_PerlPat.pl","","file",""
"/usr/lib/x86_64-linux-gnu/perl-base/unicore/lib/Perl/_PerlPr2.pl","","file",""
"/usr/lib/x86_64-linux-gnu/perl-base/unicore/lib/Perl/_PerlPro.pl","","file",""
"/usr/lib/x86_64-linux-gnu/perl-base/unicore/lib/Perl/_PerlQuo.pl","","file",""
"/usr/lib/x86_64-linux-gnu/perl-base/unicore/lib/QMark/Y.pl","","file",""
"/usr/lib/x86_64-linux-gnu/perl-base/unicore/lib/SB/AT.pl","","file",""
"/usr/lib/x86_64-linux-gnu/perl-base/unicore/lib/SB/CL.pl","","file",""
"/usr/lib/x86_64-linux-gnu/perl-base/unicore/lib/SB/EX.pl","","file",""
"/usr/lib/x86_64-linux-gnu/perl-base/unicore/lib/SB/FO.pl","","file",""
"/usr/lib/x86_64-linux-gnu/perl-base/unicore/lib/SB/LE.pl","","file",""
"/usr/lib/x86_64-linux-gnu/perl-base/unicore/lib/SB/LO.pl","","file",""
"/usr/lib/x86_64-linux-gnu/perl-base/unicore/lib/SB/NU.pl","","file",""
"/usr/lib/x86_64-linux-gnu/perl-base/unicore/lib/SB/SC.pl","","file",""
"/usr/lib/x86_64-linux-gnu/perl-base/unicore/lib/SB/ST.pl","","file",""
"/usr/lib/x86_64-linux-gnu/perl-base/unicore/lib/SB/Sp.pl","","file",""
"/usr/lib/x86_64-linux-gnu/perl-base/unicore/lib/SB/UP.pl","","file",""
"/usr/lib/x86_64-linux-gnu/perl-base/unicore/lib/SB/XX.pl","","file",""
"/usr/lib/x86_64-linux-gnu/perl-base/unicore/lib/SD/Y.pl","","file",""
"/usr/lib/x86_64-linux-gnu/perl-base/unicore/lib/STerm/Y.pl","","file",""
"/usr/lib/x86_64-linux-gnu/perl-base/unicore/lib/Sc/Arab.pl","","file",""
"/usr/lib/x86_64-linux-gnu/perl-base/unicore/lib/Sc/Beng.pl","","file",""
"/usr/lib/x86_64-linux-gnu/perl-base/unicore/lib/Sc/Cprt.pl","","file",""
"/usr/lib/x86_64-linux-gnu/perl-base/unicore/lib/Sc/Cyrl.pl","","file",""
"/usr/lib/x86_64-linux-gnu/perl-base/unicore/lib/Sc/Deva.pl","","file",""
"/usr/lib/x86_64-linux-gnu/perl-base/unicore/lib/Sc/Dupl.pl","","file",""
"/usr/lib/x86_64-linux-gnu/perl-base/unicore/lib/Sc/Geor.pl","","file",""
"/usr/lib/x86_64-linux-gnu/perl-base/unicore/lib/Sc/Glag.pl","","file",""
"/usr/lib/x86_64-linux-gnu/perl-base/unicore/lib/Sc/Gong.pl","","file",""
"/usr/lib/x86_64-linux-gnu/perl-base/unicore/lib/Sc/Gonm.pl","","file",""
"/usr/lib/x86_64-linux-gnu/perl-base/unicore/lib/Sc/Gran.pl","","file",""
"/usr/lib/x86_64-linux-gnu/perl-base/unicore/lib/Sc/Grek.pl","","file",""
"/usr/lib/x86_64-linux-gnu/perl-base/unicore/lib/Sc/Gujr.pl","","file",""
"/usr/lib/x86_64-linux-gnu/perl-base/unicore/lib/Sc/Guru.pl","","file",""
"/usr/lib/x86_64-linux-gnu/perl-base/unicore/lib/Sc/Han.pl","","file",""
"/usr/lib/x86_64-linux-gnu/perl-base/unicore/lib/Sc/Hang.pl","","file",""
"/usr/lib/x86_64-linux-gnu/perl-base/unicore/lib/Sc/Hira.pl","","file",""
"/usr/lib/x86_64-linux-gnu/perl-base/unicore/lib/Sc/Kana.pl","","file",""
"/usr/lib/x86_64-linux-gnu/perl-base/unicore/lib/Sc/Knda.pl","","file",""
"/usr/lib/x86_64-linux-gnu/perl-base/unicore/lib/Sc/Latn.pl","","file",""
"/usr/lib/x86_64-linux-gnu/perl-base/unicore/lib/Sc/Limb.pl","","file",""
"/usr/lib/x86_64-linux-gnu/perl-base/unicore/lib/Sc/Linb.pl","","file",""
"/usr/lib/x86_64-linux-gnu/perl-base/unicore/lib/Sc/Mlym.pl","","file",""
"/usr/lib/x86_64-linux-gnu/perl-base/unicore/lib/Sc/Mong.pl","","file",""
"/usr/lib/x86_64-linux-gnu/perl-base/unicore/lib/Sc/Mult.pl","","file",""
"/usr/lib/x86_64-linux-gnu/perl-base/unicore/lib/Sc/Orya.pl","","file",""
"/usr/lib/x86_64-linux-gnu/perl-base/unicore/lib/Sc/Sinh.pl","","file",""
"/usr/lib/x86_64-linux-gnu/perl-base/unicore/lib/Sc/Syrc.pl","","file",""
"/usr/lib/x86_64-linux-gnu/perl-base/unicore/lib/Sc/Taml.pl","","file",""
"/usr/lib/x86_64-linux-gnu/perl-base/unicore/lib/Sc/Telu.pl","","file",""
"/usr/lib/x86_64-linux-gnu/perl-base/unicore/lib/Sc/Zinh.pl","","file",""
"/usr/lib/x86_64-linux-gnu/perl-base/unicore/lib/Sc/Zyyy.pl","","file",""
"/usr/lib/x86_64-linux-gnu/perl-base/unicore/lib/Scx/Adlm.pl","","file",""
"/usr/lib/x86_64-linux-gnu/perl-base/unicore/lib/Scx/Arab.pl","","file",""
"/usr/lib/x86_64-linux-gnu/perl-base/unicore/lib/Scx/Armn.pl","","file",""
"/usr/lib/x86_64-linux-gnu/perl-base/unicore/lib/Scx/Beng.pl","","file",""
"/usr/lib/x86_64-linux-gnu/perl-base/unicore/lib/Scx/Bhks.pl","","file",""
"/usr/lib/x86_64-linux-gnu/perl-base/unicore/lib/Scx/Bopo.pl","","file",""
"/usr/lib/x86_64-linux-gnu/perl-base/unicore/lib/Scx/Cakm.pl","","file",""
"/usr/lib/x86_64-linux-gnu/perl-base/unicore/lib/Scx/Cham.pl","","file",""
"/usr/lib/x86_64-linux-gnu/perl-base/unicore/lib/Scx/Copt.pl","","file",""
"/usr/lib/x86_64-linux-gnu/perl-base/unicore/lib/Scx/Cprt.pl","","file",""
"/usr/lib/x86_64-linux-gnu/perl-base/unicore/lib/Scx/Cyrl.pl","","file",""
"/usr/lib/x86_64-linux-gnu/perl-base/unicore/lib/Scx/Deva.pl","","file",""
"/usr/lib/x86_64-linux-gnu/perl-base/unicore/lib/Scx/Diak.pl","","file",""
"/usr/lib/x86_64-linux-gnu/perl-base/unicore/lib/Scx/Dupl.pl","","file",""
"/usr/lib/x86_64-linux-gnu/perl-base/unicore/lib/Scx/Ethi.pl","","file",""
"/usr/lib/x86_64-linux-gnu/perl-base/unicore/lib/Scx/Geor.pl","","file",""
"/usr/lib/x86_64-linux-gnu/perl-base/unicore/lib/Scx/Glag.pl","","file",""
"/usr/lib/x86_64-linux-gnu/perl-base/unicore/lib/Scx/Gong.pl","","file",""
"/usr/lib/x86_64-linux-gnu/perl-base/unicore/lib/Scx/Gonm.pl","","file",""
"/usr/lib/x86_64-linux-gnu/perl-base/unicore/lib/Scx/Gran.pl","","file",""
"/usr/lib/x86_64-linux-gnu/perl-base/unicore/lib/Scx/Grek.pl","","file",""
"/usr/lib/x86_64-linux-gnu/perl-base/unicore/lib/Scx/Gujr.pl","","file",""
"/usr/lib/x86_64-linux-gnu/perl-base/unicore/lib/Scx/Guru.pl","","file",""
"/usr/lib/x86_64-linux-gnu/perl-base/unicore/lib/Scx/Han.pl","","file",""
"/usr/lib/x86_64-linux-gnu/perl-base/unicore/lib/Scx/Hang.pl","","file",""
"/usr/lib/x86_64-linux-gnu/perl-base/unicore/lib/Scx/Hebr.pl","","file",""
"/usr/lib/x86_64-linux-gnu/perl-base/unicore/lib/Scx/Hira.pl","","file",""
"/usr/lib/x86_64-linux-gnu/perl-base/unicore/lib/Scx/Hmng.pl","","file",""
"/usr/lib/x86_64-linux-gnu/perl-base/unicore/lib/Scx/Hmnp.pl","","file",""
"/usr/lib/x86_64-linux-gnu/perl-base/unicore/lib/Scx/Kana.pl","","file",""
"/usr/lib/x86_64-linux-gnu/perl-base/unicore/lib/Scx/Khar.pl","","file",""
"/usr/lib/x86_64-linux-gnu/perl-base/unicore/lib/Scx/Khmr.pl","","file",""
"/usr/lib/x86_64-linux-gnu/perl-base/unicore/lib/Scx/Khoj.pl","","file",""
"/usr/lib/x86_64-linux-gnu/perl-base/unicore/lib/Scx/Knda.pl","","file",""
"/usr/lib/x86_64-linux-gnu/perl-base/unicore/lib/Scx/Kthi.pl","","file",""
"/usr/lib/x86_64-linux-gnu/perl-base/unicore/lib/Scx/Lana.pl","","file",""
"/usr/lib/x86_64-linux-gnu/perl-base/unicore/lib/Scx/Lao.pl","","file",""
"/usr/lib/x86_64-linux-gnu/perl-base/unicore/lib/Scx/Latn.pl","","file",""
"/usr/lib/x86_64-linux-gnu/perl-base/unicore/lib/Scx/Limb.pl","","file",""
"/usr/lib/x86_64-linux-gnu/perl-base/unicore/lib/Scx/Lina.pl","","file",""
"/usr/lib/x86_64-linux-gnu/perl-base/unicore/lib/Scx/Linb.pl","","file",""
"/usr/lib/x86_64-linux-gnu/perl-base/unicore/lib/Scx/Mlym.pl","","file",""
"/usr/lib/x86_64-linux-gnu/perl-base/unicore/lib/Scx/Mong.pl","","file",""
"/usr/lib/x86_64-linux-gnu/perl-base/unicore/lib/Scx/Mult.pl","","file",""
"/usr/lib/x86_64-linux-gnu/perl-base/unicore/lib/Scx/Mymr.pl","","file",""
"/usr/lib/x86_64-linux-gnu/perl-base/unicore/lib/Scx/Nand.pl","","file",""
"/usr/lib/x86_64-linux-gnu/perl-base/unicore/lib/Scx/Nko.pl","","file",""
"/usr/lib/x86_64-linux-gnu/perl-base/unicore/lib/Scx/Orya.pl","","file",""
"/usr/lib/x86_64-linux-gnu/perl-base/unicore/lib/Scx/Phlp.pl","","file",""
"/usr/lib/x86_64-linux-gnu/perl-base/unicore/lib/Scx/Rohg.pl","","file",""
"/usr/lib/x86_64-linux-gnu/perl-base/unicore/lib/Scx/Shrd.pl","","file",""
"/usr/lib/x86_64-linux-gnu/perl-base/unicore/lib/Scx/Sind.pl","","file",""
"/usr/lib/x86_64-linux-gnu/perl-base/unicore/lib/Scx/Sinh.pl","","file",""
"/usr/lib/x86_64-linux-gnu/perl-base/unicore/lib/Scx/Syrc.pl","","file",""
"/usr/lib/x86_64-linux-gnu/perl-base/unicore/lib/Scx/Tagb.pl","","file",""
"/usr/lib/x86_64-linux-gnu/perl-base/unicore/lib/Scx/Takr.pl","","file",""
"/usr/lib/x86_64-linux-gnu/perl-base/unicore/lib/Scx/Talu.pl","","file",""
"/usr/lib/x86_64-linux-gnu/perl-base/unicore/lib/Scx/Taml.pl","","file",""
"/usr/lib/x86_64-linux-gnu/perl-base/unicore/lib/Scx/Tang.pl","","file",""
"/usr/lib/x86_64-linux-gnu/perl-base/unicore/lib/Scx/Telu.pl","","file",""
"/usr/lib/x86_64-linux-gnu/perl-base/unicore/lib/Scx/Thaa.pl","","file",""
"/usr/lib/x86_64-linux-gnu/perl-base/unicore/lib/Scx/Tibt.pl","","file",""
"/usr/lib/x86_64-linux-gnu/perl-base/unicore/lib/Scx/Tirh.pl","","file",""
"/usr/lib/x86_64-linux-gnu/perl-base/unicore/lib/Scx/Vith.pl","","file",""
"/usr/lib/x86_64-linux-gnu/perl-base/unicore/lib/Scx/Xsux.pl","","file",""
"/usr/lib/x86_64-linux-gnu/perl-base/unicore/lib/Scx/Yezi.pl","","file",""
"/usr/lib/x86_64-linux-gnu/perl-base/unicore/lib/Scx/Yi.pl","","file",""
"/usr/lib/x86_64-linux-gnu/perl-base/unicore/lib/Scx/Zinh.pl","","file",""
"/usr/lib/x86_64-linux-gnu/perl-base/unicore/lib/Scx/Zyyy.pl","","file",""
"/usr/lib/x86_64-linux-gnu/perl-base/unicore/lib/Scx/Zzzz.pl","","file",""
"/usr/lib/x86_64-linux-gnu/perl-base/unicore/lib/Term/Y.pl","","file",""
"/usr/lib/x86_64-linux-gnu/perl-base/unicore/lib/UIdeo/Y.pl","","file",""
"/usr/lib/x86_64-linux-gnu/perl-base/unicore/lib/Upper/Y.pl","","file",""
"/usr/lib/x86_64-linux-gnu/perl-base/unicore/lib/VS/Y.pl","","file",""
"/usr/lib/x86_64-linux-gnu/perl-base/unicore/lib/Vo/R.pl","","file",""
"/usr/lib/x86_64-linux-gnu/perl-base/unicore/lib/Vo/Tr.pl","","file",""
"/usr/lib/x86_64-linux-gnu/perl-base/unicore/lib/Vo/Tu.pl","","file",""
"/usr/lib/x86_64-linux-gnu/perl-base/unicore/lib/Vo/U.pl","","file",""
"/usr/lib/x86_64-linux-gnu/perl-base/unicore/lib/WB/EX.pl","","file",""
"/usr/lib/x86_64-linux-gnu/perl-base/unicore/lib/WB/Extend.pl","","file",""
"/usr/lib/x86_64-linux-gnu/perl-base/unicore/lib/WB/FO.pl","","file",""
"/usr/lib/x86_64-linux-gnu/perl-base/unicore/lib/WB/HL.pl","","file",""
"/usr/lib/x86_64-linux-gnu/perl-base/unicore/lib/WB/KA.pl","","file",""
"/usr/lib/x86_64-linux-gnu/perl-base/unicore/lib/WB/LE.pl","","file",""
"/usr/lib/x86_64-linux-gnu/perl-base/unicore/lib/WB/MB.pl","","file",""
"/usr/lib/x86_64-linux-gnu/perl-base/unicore/lib/WB/ML.pl","","file",""
"/usr/lib/x86_64-linux-gnu/perl-base/unicore/lib/WB/MN.pl","","file",""
"/usr/lib/x86_64-linux-gnu/perl-base/unicore/lib/WB/NU.pl","","file",""
"/usr/lib/x86_64-linux-gnu/perl-base/unicore/lib/WB/WSegSpac.pl","","file",""
"/usr/lib/x86_64-linux-gnu/perl-base/unicore/lib/WB/XX.pl","","file",""
"/usr/lib/x86_64-linux-gnu/perl-base/unicore/lib/XIDC/Y.pl","","file",""
"/usr/lib/x86_64-linux-gnu/perl-base/unicore/lib/XIDS/Y.pl","","file",""
"/usr/lib/x86_64-linux-gnu/perl-base/utf8.pm","","file",""
"/usr/lib/x86_64-linux-gnu/perl-base/vars.pm","","file",""
"/usr/lib/x86_64-linux-gnu/perl-base/warnings.pm","","file",""
"/usr/lib/x86_64-linux-gnu/perl-base/warnings/register.pm","","file",""
"/usr/lib/x86_64-linux-gnu/security/pam_access.so","","file",""
"/usr/lib/x86_64-linux-gnu/security/pam_canonicalize_user.so","","file",""
"/usr/lib/x86_64-linux-gnu/security/pam_debug.so","","file",""
"/usr/lib/x86_64-linux-gnu/security/pam_deny.so","","file",""
"/usr/lib/x86_64-linux-gnu/security/pam_echo.so","","file",""
"/usr/lib/x86_64-linux-gnu/security/pam_env.so","","file",""
"/usr/lib/x86_64-linux-gnu/security/pam_exec.so","","file",""
"/usr/lib/x86_64-linux-gnu/security/pam_faildelay.so","","file",""
"/usr/lib/x86_64-linux-gnu/security/pam_faillock.so","","file",""
"/usr/lib/x86_64-linux-gnu/security/pam_filter.so","","file",""
"/usr/lib/x86_64-linux-gnu/security/pam_ftp.so","","file",""
"/usr/lib/x86_64-linux-gnu/security/pam_group.so","","file",""
"/usr/lib/x86_64-linux-gnu/security/pam_issue.so","","file",""
"/usr/lib/x86_64-linux-gnu/security/pam_keyinit.so","","file",""
"/usr/lib/x86_64-linux-gnu/security/pam_limits.so","","file",""
"/usr/lib/x86_64-linux-gnu/security/pam_listfile.so","","file",""
"/usr/lib/x86_64-linux-gnu/security/pam_localuser.so","","file",""
"/usr/lib/x86_64-linux-gnu/security/pam_loginuid.so","","file",""
"/usr/lib/x86_64-linux-gnu/security/pam_mail.so","","file",""
"/usr/lib/x86_64-linux-gnu/security/pam_mkhomedir.so","","file",""
"/usr/lib/x86_64-linux-gnu/security/pam_motd.so","","file",""
"/usr/lib/x86_64-linux-gnu/security/pam_namespace.so","","file",""
"/usr/lib/x86_64-linux-gnu/security/pam_nologin.so","","file",""
"/usr/lib/x86_64-linux-gnu/security/pam_permit.so","","file",""
"/usr/lib/x86_64-linux-gnu/security/pam_pwhistory.so","","file",""
"/usr/lib/x86_64-linux-gnu/security/pam_rhosts.so","","file",""
"/usr/lib/x86_64-linux-gnu/security/pam_rootok.so","","file",""
"/usr/lib/x86_64-linux-gnu/security/pam_securetty.so","","file",""
"/usr/lib/x86_64-linux-gnu/security/pam_selinux.so","","file",""
"/usr/lib/x86_64-linux-gnu/security/pam_sepermit.so","","file",""
"/usr/lib/x86_64-linux-gnu/security/pam_setquota.so","","file",""
"/usr/lib/x86_64-linux-gnu/security/pam_shells.so","","file",""
"/usr/lib/x86_64-linux-gnu/security/pam_stress.so","","file",""
"/usr/lib/x86_64-linux-gnu/security/pam_succeed_if.so","","file",""
"/usr/lib/x86_64-linux-gnu/security/pam_time.so","","file",""
"/usr/lib/x86_64-linux-gnu/security/pam_timestamp.so","","file",""
"/usr/lib/x86_64-linux-gnu/security/pam_tty_audit.so","","file",""
"/usr/lib/x86_64-linux-gnu/security/pam_umask.so","","file",""
"/usr/lib/x86_64-linux-gnu/security/pam_unix.so","","file",""
"/usr/lib/x86_64-linux-gnu/security/pam_userdb.so","","file",""
"/usr/lib/x86_64-linux-gnu/security/pam_usertype.so","","file",""
"/usr/lib/x86_64-linux-gnu/security/pam_warn.so","","file",""
"/usr/lib/x86_64-linux-gnu/security/pam_wheel.so","","file",""
"/usr/lib/x86_64-linux-gnu/security/pam_xauth.so","","file",""
"/usr/libexec/coreutils/libstdbuf.so","","file",""
"/usr/libexec/dpkg/dpkg-db-backup","","file",""
"/usr/libexec/dpkg/dpkg-db-keeper","","file",""
"/usr/sbin/add-shell","","file",""
"/usr/sbin/agetty","","file",""
"/usr/sbin/blkdiscard","","file",""
"/usr/sbin/blkid","","file",""
"/usr/sbin/blkzone","","file",""
"/usr/sbin/blockdev","","file",""
"/usr/sbin/chcpu","","file",""
"/usr/sbin/chgpasswd","","file",""
"/usr/sbin/chmem","","file",""
"/usr/sbin/chpasswd","","file",""
"/usr/sbin/chroot","","file",""
"/usr/sbin/dpkg-preconfigure","","file",""
"/usr/sbin/dpkg-reconfigure","","file",""
"/usr/sbin/faillock","","file",""
"/usr/sbin/findfs","","file",""
"/usr/sbin/fsck","","file",""
"/usr/sbin/fsfreeze","","file",""
"/usr/sbin/fstab-decode","","file",""
"/usr/sbin/fstrim","","file",""
"/usr/sbin/groupadd","","file",""
"/usr/sbin/groupdel","","file",""
"/usr/sbin/groupmod","","file",""
"/usr/sbin/grpck","","file",""
"/usr/sbin/grpconv","","file",""
"/usr/sbin/grpunconv","","file",""
"/usr/sbin/iconvconfig","","file",""
"/usr/sbin/installkernel","","file",""
"/usr/sbin/invoke-rc.d","","file",""
"/usr/sbin/isosize","","file",""
"/usr/sbin/killall5","","file",""
"/usr/sbin/ldattach","","file",""
"/usr/sbin/ldconfig","","file",""
"/usr/sbin/losetup","","file",""
"/usr/sbin/mkfs","","file",""
"/usr/sbin/mkhomedir_helper","","file",""
"/usr/sbin/mkswap","","file",""
"/usr/sbin/newusers","","file",""
"/usr/sbin/nologin","","file",""
"/usr/sbin/pam-auth-update","","file",""
"/usr/sbin/pam_getenv","","file",""
"/usr/sbin/pam_namespace_helper","","file",""
"/usr/sbin/pam_timestamp_check","","file",""
"/usr/sbin/pivot_root","","file",""
"/usr/sbin/pwck","","file",""
"/usr/sbin/pwconv","","file",""
"/usr/sbin/pwhistory_helper","","file",""
"/usr/sbin/pwunconv","","file",""
"/usr/sbin/readprofile","","file",""
"/usr/sbin/remove-shell","","file",""
"/usr/sbin/rmt-tar","","file",""
"/usr/sbin/rtcwake","","file",""
"/usr/sbin/runuser","","file",""
"/usr/sbin/service","","file",""
"/usr/sbin/shadowconfig","","file",""
"/usr/sbin/start-stop-daemon","","file",""
"/usr/sbin/sulogin","","file",""
"/usr/sbin/swaplabel","","file",""
"/usr/sbin/swapoff","","file",""
"/usr/sbin/swapon","","file",""
"/usr/sbin/switch_root","","file",""
"/usr/sbin/tarcat","","file",""
"/usr/sbin/unix_chkpwd","","file",""
"/usr/sbin/unix_update","","file",""
"/usr/sbin/update-passwd","","file",""
"/usr/sbin/update-rc.d","","file",""
"/usr/sbin/update-shells","","file",""
"/usr/sbin/useradd","","file",""
"/usr/sbin/userdel","","file",""
"/usr/sbin/usermod","","file",""
"/usr/sbin/vipw","","file",""
"/usr/sbin/wipefs","","file",""
"/usr/sbin/zic","","file",""
"/usr/sbin/zramctl","","file",""
"/usr/share/apt/default-sequoia.config","","file",""
"/usr/share/base-files/dot.bashrc","","file",""
"/usr/share/base-files/dot.profile","","file",""
"/usr/share/base-files/dot.profile.md5sums","","file",""
"/usr/share/base-files/info.dir","","file",""
"/usr/share/base-files/motd","","file",""
"/usr/share/base-files/profile","","file",""
"/usr/share/base-files/profile.md5sums","","file",""
"/usr/share/base-files/staff-group-for-usr-local","","file",""
"/usr/share/base-passwd/group.master","","file",""
"/usr/share/base-passwd/passwd.master","","file",""
"/usr/share/bash-completion/completions/apt","","file",""
"/usr/share/bash-completion/completions/blkdiscard","","file",""
"/usr/share/bash-completion/completions/blkid","","file",""
"/usr/share/bash-completion/completions/blkzone","","file",""
"/usr/share/bash-completion/completions/blockdev","","file",""
"/usr/share/bash-completion/completions/chcpu","","file",""
"/usr/share/bash-completion/completions/chmem","","file",""
"/usr/share/bash-completion/completions/chrt","","file",""
"/usr/share/bash-completion/completions/debconf","","file",""
"/usr/share/bash-completion/completions/dmesg","","file",""
"/usr/share/bash-completion/completions/fallocate","","file",""
"/usr/share/bash-completion/completions/findfs","","file",""
"/usr/share/bash-completion/completions/findmnt","","file",""
"/usr/share/bash-completion/completions/flock","","file",""
"/usr/share/bash-completion/completions/fsck","","file",""
"/usr/share/bash-completion/completions/fsfreeze","","file",""
"/usr/share/bash-completion/completions/fstrim","","file",""
"/usr/share/bash-completion/completions/getopt","","file",""
"/usr/share/bash-completion/completions/hardlink","","file",""
"/usr/share/bash-completion/completions/ionice","","file",""
"/usr/share/bash-completion/completions/ipcmk","","file",""
"/usr/share/bash-completion/completions/ipcrm","","file",""
"/usr/share/bash-completion/completions/ipcs","","file",""
"/usr/share/bash-completion/completions/isosize","","file",""
"/usr/share/bash-completion/completions/ldattach","","file",""
"/usr/share/bash-completion/completions/logger","","file",""
"/usr/share/bash-completion/completions/losetup","","file",""
"/usr/share/bash-completion/completions/lsblk","","file",""
"/usr/share/bash-completion/completions/lscpu","","file",""
"/usr/share/bash-completion/completions/lsipc","","file",""
"/usr/share/bash-completion/completions/lslocks","","file",""
"/usr/share/bash-completion/completions/lslogins","","file",""
"/usr/share/bash-completion/completions/lsmem","","file",""
"/usr/share/bash-completion/completions/lsns","","file",""
"/usr/share/bash-completion/completions/mcookie","","file",""
"/usr/share/bash-completion/completions/mkfs","","file",""
"/usr/share/bash-completion/completions/mkswap","","file",""
"/usr/share/bash-completion/completions/more","","file",""
"/usr/share/bash-completion/completions/mount","","file",""
"/usr/share/bash-completion/completions/mountpoint","","file",""
"/usr/share/bash-completion/completions/namei","","file",""
"/usr/share/bash-completion/completions/newgrp","","file",""
"/usr/share/bash-completion/completions/nsenter","","file",""
"/usr/share/bash-completion/completions/partx","","file",""
"/usr/share/bash-completion/completions/pivot_root","","file",""
"/usr/share/bash-completion/completions/prlimit","","file",""
"/usr/share/bash-completion/completions/readprofile","","file",""
"/usr/share/bash-completion/completions/rename.ul","","file",""
"/usr/share/bash-completion/completions/renice","","file",""
"/usr/share/bash-completion/completions/rev","","file",""
"/usr/share/bash-completion/completions/rtcwake","","file",""
"/usr/share/bash-completion/completions/script","","file",""
"/usr/share/bash-completion/completions/scriptlive","","file",""
"/usr/share/bash-completion/completions/scriptreplay","","file",""
"/usr/share/bash-completion/completions/setarch","","file",""
"/usr/share/bash-completion/completions/setpriv","","file",""
"/usr/share/bash-completion/completions/setsid","","file",""
"/usr/share/bash-completion/completions/setterm","","file",""
"/usr/share/bash-completion/completions/sqv.bash","","file",""
"/usr/share/bash-completion/completions/su","","file",""
"/usr/share/bash-completion/completions/swaplabel","","file",""
"/usr/share/bash-completion/completions/swapoff","","file",""
"/usr/share/bash-completion/completions/swapon","","file",""
"/usr/share/bash-completion/completions/taskset","","file",""
"/usr/share/bash-completion/completions/uclampset","","file",""
"/usr/share/bash-completion/completions/umount","","file",""
"/usr/share/bash-completion/completions/unshare","","file",""
"/usr/share/bash-completion/completions/wall","","file",""
"/usr/share/bash-completion/completions/wdctl","","file",""
"/usr/share/bash-completion/completions/whereis","","file",""
"/usr/share/bash-completion/completions/wipefs","","file",""
"/usr/share/bash-completion/completions/zramctl","","file",""
"/usr/share/bug/apt/script","","file",""
"/usr/share/bug/init-system-helpers/control","","file",""
"/usr/share/common-licenses/AGPL-3.0","","file",""
"/usr/share/common-licenses/Apache-2.0","","file",""
"/usr/share/common-licenses/Artistic","","file",""
"/usr/share/common-licenses/Artistic-2.0","","file",""
"/usr/share/common-licenses/BSD","","file",""
"/usr/share/common-licenses/BSL-1.0","","file",""
"/usr/share/common-licenses/CC-BY-3.0","","file",""
"/usr/share/common-licenses/CC-BY-4.0","","file",""
"/usr/share/common-licenses/CC-BY-SA-3.0","","file",""
"/usr/share/common-licenses/CC-BY-SA-4.0","","file",""
"/usr/share/common-licenses/CC0-1.0","","file",""
"/usr/share/common-licenses/GFDL-1.1","","file",""
"/usr/share/common-licenses/GFDL-1.2","","file",""
"/usr/share/common-licenses/GFDL-1.3","","file",""
"/usr/share/common-licenses/GPL-1","","file",""
"/usr/share/common-licenses/GPL-2","","file",""
"/usr/share/common-licenses/GPL-3","","file",""
"/usr/share/common-licenses/LGPL-2","","file",""
"/usr/share/common-licenses/LGPL-2.1","","file",""
"/usr/share/common-licenses/LGPL-3","","file",""
"/usr/share/common-licenses/MPL-1.1","","file",""
"/usr/share/common-licenses/MPL-2.0","","file",""
"/usr/share/common-licenses/OFL-1.1","","file",""
"/usr/share/debconf/confmodule","","file",""
"/usr/share/debconf/confmodule.sh","","file",""
"/usr/share/debconf/debconf.conf","","file",""
"/usr/share/debconf/fix_db.pl","","file",""
"/usr/share/debconf/frontend","","file",""
"/usr/share/debianutils/shells","","file",""
"/usr/share/debianutils/shells.d/bash","","file",""
"/usr/share/debianutils/shells.d/dash","","file",""
"/usr/share/doc-base/base-passwd.users-and-groups","","file",""
"/usr/share/doc-base/findutils.findutils","","file",""
"/usr/share/doc/apt/copyright","","file",""
"/usr/share/doc/base-files/copyright","","file",""
"/usr/share/doc/base-passwd/copyright","","file",""
"/usr/share/doc/bash/copyright","","file",""
"/usr/share/doc/bsdutils/copyright","","file",""
"/usr/share/doc/coreutils/copyright","","file",""
"/usr/share/doc/dash/copyright","","file",""
"/usr/share/doc/debconf/copyright","","file",""
"/usr/share/doc/debian-archive-keyring/copyright","","file",""
"/usr/share/doc/debianutils/copyright","","file",""
"/usr/share/doc/diffutils/copyright","","file",""
"/usr/share/doc/dpkg/copyright","","file",""
"/usr/share/doc/findutils/copyright","","file",""
"/usr/share/doc/gcc-14-base/copyright","","file",""
"/usr/share/doc/grep/copyright","","file",""
"/usr/share/doc/gzip/copyright","","file",""
"/usr/share/doc/hostname/copyright","","file",""
"/usr/share/doc/init-system-helpers/copyright","","file",""
"/usr/share/doc/libacl1/copyright","","file",""
"/usr/share/doc/libapt-pkg7.0/copyright","","file",""
"/usr/share/doc/libattr1/copyright","","file",""
"/usr/share/doc/libaudit-common/copyright","","file",""
"/usr/share/doc/libaudit1/copyright","","file",""
"/usr/share/doc/libblkid1/copyright","","file",""
"/usr/share/doc/libbsd0/copyright","","file",""
"/usr/share/doc/libbz2-1.0/copyright","","file",""
"/usr/share/doc/libc-bin/copyright","","file",""
"/usr/share/doc/libc6/copyright","","file",""
"/usr/share/doc/libcap-ng0/copyright","","file",""
"/usr/share/doc/libcap2/copyright","","file",""
"/usr/share/doc/libcrypt1/copyright","","file",""
"/usr/share/doc/libdb5.3t64/copyright","","file",""
"/usr/share/doc/libdebconfclient0/copyright","","file",""
"/usr/share/doc/libgmp10/copyright","","file",""
"/usr/share/doc/libhogweed6t64/copyright","","file",""
"/usr/share/doc/liblastlog2-2/copyright","","file",""
"/usr/share/doc/liblz4-1/copyright","","file",""
"/usr/share/doc/liblzma5/copyright","","file",""
"/usr/share/doc/libmd0/copyright","","file",""
"/usr/share/doc/libmount1/copyright","","file",""
"/usr/share/doc/libnettle8t64/copyright","","file",""
"/usr/share/doc/libpam-modules-bin/copyright","","file",""
"/usr/share/doc/libpam-modules/copyright","","file",""
"/usr/share/doc/libpam-runtime/copyright","","file",""
"/usr/share/doc/libpam0g/copyright","","file",""
"/usr/share/doc/libseccomp2/copyright","","file",""
"/usr/share/doc/libselinux1/copyright","","file",""
"/usr/share/doc/libsemanage-common/copyright","","file",""
"/usr/share/doc/libsemanage2/copyright","","file",""
"/usr/share/doc/libsepol2/copyright","","file",""
"/usr/share/doc/libsmartcols1/copyright","","file",""
"/usr/share/doc/libsqlite3-0/copyright","","file",""
"/usr/share/doc/libsystemd0/copyright","","file",""
"/usr/share/doc/libtinfo6/copyright","","file",""
"/usr/share/doc/libudev1/copyright","","file",""
"/usr/share/doc/libuuid1/copyright","","file",""
"/usr/share/doc/libxxhash0/copyright","","file",""
"/usr/share/doc/libzstd1/copyright","","file",""
"/usr/share/doc/login.defs/copyright","","file",""
"/usr/share/doc/login/copyright","","file",""
"/usr/share/doc/mawk/copyright","","file",""
"/usr/share/doc/mount/copyright","","file",""
"/usr/share/doc/ncurses-base/copyright","","file",""
"/usr/share/doc/ncurses-bin/copyright","","file",""
"/usr/share/doc/passwd/copyright","","file",""
"/usr/share/doc/perl-base/copyright","","file",""
"/usr/share/doc/sed/copyright","","file",""
"/usr/share/doc/sqv/copyright","","file",""
"/usr/share/doc/sysvinit-utils/copyright","","file",""
"/usr/share/doc/tar/copyright","","file",""
"/usr/share/doc/tzdata/copyright","","file",""
"/usr/share/doc/util-linux/copyright","","file",""
"/usr/share/doc/zlib1g/copyright","","file",""
"/usr/share/dpkg/abitable","","file",""
"/usr/share/dpkg/cputable","","file",""
"/usr/share/dpkg/ostable","","file",""
"/usr/share/dpkg/sh/dpkg-error.sh","","file",""
"/usr/share/dpkg/tupletable","","file",""
"/usr/share/fish/completions/sqv.fish","","file",""
"/usr/share/gcc/python/libstdcxx/__init__.py","","file",""
"/usr/share/gcc/python/libstdcxx/v6/__init__.py","","file",""
"/usr/share/gcc/python/libstdcxx/v6/printers.py","","file",""
"/usr/share/gcc/python/libstdcxx/v6/xmethods.py","","file",""
"/usr/share/gdb/auto-load/usr/lib/x86_64-linux-gnu/libstdc++.so.6.0.33-gdb.py","","file",""
"/usr/share/keyrings/debian-archive-bookworm-automatic.pgp","","file",""
"/usr/share/keyrings/debian-archive-bookworm-security-automatic.pgp","","file",""
"/usr/share/keyrings/debian-archive-bookworm-stable.pgp","","file",""
"/usr/share/keyrings/debian-archive-bullseye-automatic.pgp","","file",""
"/usr/share/keyrings/debian-archive-bullseye-security-automatic.pgp","","file",""
"/usr/share/keyrings/debian-archive-bullseye-stable.pgp","","file",""
"/usr/share/keyrings/debian-archive-keyring.pgp","","file",""
"/usr/share/keyrings/debian-archive-removed-keys.pgp","","file",""
"/usr/share/keyrings/debian-archive-trixie-automatic.pgp","","file",""
"/usr/share/keyrings/debian-archive-trixie-security-automatic.pgp","","file",""
"/usr/share/keyrings/debian-archive-trixie-stable.pgp","","file",""
"/usr/share/libc-bin/nsswitch.conf","","file",""
"/usr/share/lintian/profiles/dpkg/main.profile","","file",""
"/usr/share/menu/bash","","file",""
"/usr/share/menu/dash","","file",""
"/usr/share/pam-configs/mkhomedir","","file",""
"/usr/share/pam-configs/unix","","file",""
"/usr/share/pam/common-account","","file",""
"/usr/share/pam/common-account.md5sums","","file",""
"/usr/share/pam/common-auth","","file",""
"/usr/share/pam/common-auth.md5sums","","file",""
"/usr/share/pam/common-password","","file",""
"/usr/share/pam/common-password.md5sums","","file",""
"/usr/share/pam/common-session","","file",""
"/usr/share/pam/common-session-noninteractive","","file",""
"/usr/share/pam/common-session-noninteractive.md5sums","","file",""
"/usr/share/pam/common-session.md5sums","","file",""
"/usr/share/perl5/Debconf/AutoSelect.pm","","file",""
"/usr/share/perl5/Debconf/Base.pm","","file",""
"/usr/share/perl5/Debconf/Client/ConfModule.pm","","file",""
"/usr/share/perl5/Debconf/ConfModule.pm","","file",""
"/usr/share/perl5/Debconf/Config.pm","","file",""
"/usr/share/perl5/Debconf/Db.pm","","file",""
"/usr/share/perl5/Debconf/DbDriver.pm","","file",""
"/usr/share/perl5/Debconf/DbDriver/Backup.pm","","file",""
"/usr/share/perl5/Debconf/DbDriver/Cache.pm","","file",""
"/usr/share/perl5/Debconf/DbDriver/Copy.pm","","file",""
"/usr/share/perl5/Debconf/DbDriver/Debug.pm","","file",""
"/usr/share/perl5/Debconf/DbDriver/DirTree.pm","","file",""
"/usr/share/perl5/Debconf/DbDriver/Directory.pm","","file",""
"/usr/share/perl5/Debconf/DbDriver/File.pm","","file",""
"/usr/share/perl5/Debconf/DbDriver/LDAP.pm","","file",""
"/usr/share/perl5/Debconf/DbDriver/PackageDir.pm","","file",""
"/usr/share/perl5/Debconf/DbDriver/Pipe.pm","","file",""
"/usr/share/perl5/Debconf/DbDriver/Stack.pm","","file",""
"/usr/share/perl5/Debconf/Element.pm","","file",""
"/usr/share/perl5/Debconf/Element/Dialog/Boolean.pm","","file",""
"/usr/share/perl5/Debconf/Element/Dialog/Error.pm","","file",""
"/usr/share/perl5/Debconf/Element/Dialog/Multiselect.pm","","file",""
"/usr/share/perl5/Debconf/Element/Dialog/Note.pm","","file",""
"/usr/share/perl5/Debconf/Element/Dialog/Password.pm","","file",""
"/usr/share/perl5/Debconf/Element/Dialog/Progress.pm","","file",""
"/usr/share/perl5/Debconf/Element/Dialog/Select.pm","","file",""
"/usr/share/perl5/Debconf/Element/Dialog/String.pm","","file",""
"/usr/share/perl5/Debconf/Element/Dialog/Text.pm","","file",""
"/usr/share/perl5/Debconf/Element/Editor/Boolean.pm","","file",""
"/usr/share/perl5/Debconf/Element/Editor/Error.pm","","file",""
"/usr/share/perl5/Debconf/Element/Editor/Multiselect.pm","","file",""
"/usr/share/perl5/Debconf/Element/Editor/Note.pm","","file",""
"/usr/share/perl5/Debconf/Element/Editor/Password.pm","","file",""
"/usr/share/perl5/Debconf/Element/Editor/Progress.pm","","file",""
"/usr/share/perl5/Debconf/Element/Editor/Select.pm","","file",""
"/usr/share/perl5/Debconf/Element/Editor/String.pm","","file",""
"/usr/share/perl5/Debconf/Element/Editor/Text.pm","","file",""
"/usr/share/perl5/Debconf/Element/Gnome.pm","","file",""
"/usr/share/perl5/Debconf/Element/Gnome/Boolean.pm","","file",""
"/usr/share/perl5/Debconf/Element/Gnome/Error.pm","","file",""
"/usr/share/perl5/Debconf/Element/Gnome/Multiselect.pm","","file",""
"/usr/share/perl5/Debconf/Element/Gnome/Note.pm","","file",""
"/usr/share/perl5/Debconf/Element/Gnome/Password.pm","","file",""
"/usr/share/perl5/Debconf/Element/Gnome/Progress.pm","","file",""
"/usr/share/perl5/Debconf/Element/Gnome/Select.pm","","file",""
"/usr/share/perl5/Debconf/Element/Gnome/String.pm","","file",""
"/usr/share/perl5/Debconf/Element/Gnome/Text.pm","","file",""
"/usr/share/perl5/Debconf/Element/Multiselect.pm","","file",""
"/usr/share/perl5/Debconf/Element/Noninteractive.pm","","file",""
"/usr/share/perl5/Debconf/Element/Noninteractive/Boolean.pm","","file",""
"/usr/share/perl5/Debconf/Element/Noninteractive/Error.pm","","file",""
"/usr/share/perl5/Debconf/Element/Noninteractive/Multiselect.pm","","file",""
"/usr/share/perl5/Debconf/Element/Noninteractive/Note.pm","","file",""
"/usr/share/perl5/Debconf/Element/Noninteractive/Password.pm","","file",""
"/usr/share/perl5/Debconf/Element/Noninteractive/Progress.pm","","file",""
"/usr/share/perl5/Debconf/Element/Noninteractive/Select.pm","","file",""
"/usr/share/perl5/Debconf/Element/Noninteractive/String.pm","","file",""
"/usr/share/perl5/Debconf/Element/Noninteractive/Text.pm","","file",""
"/usr/share/perl5/Debconf/Element/Select.pm","","file",""
"/usr/share/perl5/Debconf/Element/Teletype/Boolean.pm","","file",""
"/usr/share/perl5/Debconf/Element/Teletype/Error.pm","","file",""
"/usr/share/perl5/Debconf/Element/Teletype/Multiselect.pm","","file",""
"/usr/share/perl5/Debconf/Element/Teletype/Note.pm","","file",""
"/usr/share/perl5/Debconf/Element/Teletype/Password.pm","","file",""
"/usr/share/perl5/Debconf/Element/Teletype/Progress.pm","","file",""
"/usr/share/perl5/Debconf/Element/Teletype/Select.pm","","file",""
"/usr/share/perl5/Debconf/Element/Teletype/String.pm","","file",""
"/usr/share/perl5/Debconf/Element/Teletype/Text.pm","","file",""
"/usr/share/perl5/Debconf/Element/Web/Boolean.pm","","file",""
"/usr/share/perl5/Debconf/Element/Web/Error.pm","","file",""
"/usr/share/perl5/Debconf/Element/Web/Multiselect.pm","","file",""
"/usr/share/perl5/Debconf/Element/Web/Note.pm","","file",""
"/usr/share/perl5/Debconf/Element/Web/Password.pm","","file",""
"/usr/share/perl5/Debconf/Element/Web/Progress.pm","","file",""
"/usr/share/perl5/Debconf/Element/Web/Select.pm","","file",""
"/usr/share/perl5/Debconf/Element/Web/String.pm","","file",""
"/usr/share/perl5/Debconf/Element/Web/Text.pm","","file",""
"/usr/share/perl5/Debconf/Encoding.pm","","file",""
"/usr/share/perl5/Debconf/Format.pm","","file",""
"/usr/share/perl5/Debconf/Format/822.pm","","file",""
"/usr/share/perl5/Debconf/FrontEnd.pm","","file",""
"/usr/share/perl5/Debconf/FrontEnd/Dialog.pm","","file",""
"/usr/share/perl5/Debconf/FrontEnd/Editor.pm","","file",""
"/usr/share/perl5/Debconf/FrontEnd/Gnome.pm","","file",""
"/usr/share/perl5/Debconf/FrontEnd/Kde.pm","","file",""
"/usr/share/perl5/Debconf/FrontEnd/Noninteractive.pm","","file",""
"/usr/share/perl5/Debconf/FrontEnd/Passthrough.pm","","file",""
"/usr/share/perl5/Debconf/FrontEnd/Readline.pm","","file",""
"/usr/share/perl5/Debconf/FrontEnd/ScreenSize.pm","","file",""
"/usr/share/perl5/Debconf/FrontEnd/Teletype.pm","","file",""
"/usr/share/perl5/Debconf/FrontEnd/Text.pm","","file",""
"/usr/share/perl5/Debconf/FrontEnd/Web.pm","","file",""
"/usr/share/perl5/Debconf/Gettext.pm","","file",""
"/usr/share/perl5/Debconf/Iterator.pm","","file",""
"/usr/share/perl5/Debconf/Log.pm","","file",""
"/usr/share/perl5/Debconf/Path.pm","","file",""
"/usr/share/perl5/Debconf/Priority.pm","","file",""
"/usr/share/perl5/Debconf/Question.pm","","file",""
"/usr/share/perl5/Debconf/Template.pm","","file",""
"/usr/share/perl5/Debconf/Template/Transient.pm","","file",""
"/usr/share/perl5/Debconf/TmpFile.pm","","file",""
"/usr/share/perl5/Debian/DebConf/Client/ConfModule.pm","","file",""
"/usr/share/pixmaps/debian-logo.png","","file",""
"/usr/share/polkit-1/actions/org.dpkg.pkexec.update-alternatives.policy","","file",""
"/usr/share/tabset/std","","file",""
"/usr/share/tabset/stdcrt","","file",""
"/usr/share/tabset/vt100","","file",""
"/usr/share/tabset/vt300","","file",""
"/usr/share/terminfo/E/Eterm","","file",""
"/usr/share/terminfo/a/ansi","","file",""
"/usr/share/terminfo/c/cons25","","file",""
"/usr/share/terminfo/c/cygwin","","file",""
"/usr/share/terminfo/d/dumb","","file",""
"/usr/share/terminfo/h/hurd","","file",""
"/usr/share/terminfo/l/linux","","file",""
"/usr/share/terminfo/m/mach","","file",""
"/usr/share/terminfo/m/mach-bold","","file",""
"/usr/share/terminfo/m/mach-color","","file",""
"/usr/share/terminfo/m/mach-gnu","","file",""
"/usr/share/terminfo/m/mach-gnu-color","","file",""
"/usr/share/terminfo/p/pcansi","","file",""
"/usr/share/terminfo/r/rxvt","","file",""
"/usr/share/terminfo/r/rxvt-basic","","file",""
"/usr/share/terminfo/r/rxvt-unicode","","file",""
"/usr/share/terminfo/r/rxvt-unicode-256color","","file",""
"/usr/share/terminfo/s/screen","","file",""
"/usr/share/terminfo/s/screen-256color","","file",""
"/usr/share/terminfo/s/screen-256color-bce","","file",""
"/usr/share/terminfo/s/screen-bce","","file",""
"/usr/share/terminfo/s/screen-s","","file",""
"/usr/share/terminfo/s/screen-w","","file",""
"/usr/share/terminfo/s/screen.xterm-256color","","file",""
"/usr/share/terminfo/s/sun","","file",""
"/usr/share/terminfo/t/tmux","","file",""
"/usr/share/terminfo/t/tmux-256color","","file",""
"/usr/share/terminfo/v/vt100","","file",""
"/usr/share/terminfo/v/vt102","","file",""
"/usr/share/terminfo/v/vt220","","file",""
"/usr/share/terminfo/v/vt52","","file",""
"/usr/share/terminfo/w/wsvt25","","file",""
"/usr/share/terminfo/w/wsvt25m","","file",""
"/usr/share/terminfo/x/xterm","","file",""
"/usr/share/terminfo/x/xterm-256color","","file",""
"/usr/share/terminfo/x/xterm-color","","file",""
"/usr/share/terminfo/x/xterm-mono","","file",""
"/usr/share/terminfo/x/xterm-r5","","file",""
"/usr/share/terminfo/x/xterm-r6","","file",""
"/usr/share/terminfo/x/xterm-vt220","","file",""
"/usr/share/terminfo/x/xterm-xfree86","","file",""
"/usr/share/util-linux/logcheck/ignore.d.server/util-linux","","file",""
"/usr/share/zoneinfo/Africa/Abidjan","","file",""
"/usr/share/zoneinfo/Africa/Accra","","file",""
"/usr/share/zoneinfo/Africa/Addis_Ababa","","file",""
"/usr/share/zoneinfo/Africa/Algiers","","file",""
"/usr/share/zoneinfo/Africa/Asmara","","file",""
"/usr/share/zoneinfo/Africa/Bamako","","file",""
"/usr/share/zoneinfo/Africa/Bangui","","file",""
"/usr/share/zoneinfo/Africa/Banjul","","file",""
"/usr/share/zoneinfo/Africa/Bissau","","file",""
"/usr/share/zoneinfo/Africa/Blantyre","","file",""
"/usr/share/zoneinfo/Africa/Brazzaville","","file",""
"/usr/share/zoneinfo/Africa/Bujumbura","","file",""
"/usr/share/zoneinfo/Africa/Cairo","","file",""
"/usr/share/zoneinfo/Africa/Casablanca","","file",""
"/usr/share/zoneinfo/Africa/Ceuta","","file",""
"/usr/share/zoneinfo/Africa/Conakry","","file",""
"/usr/share/zoneinfo/Africa/Dakar","","file",""
"/usr/share/zoneinfo/Africa/Dar_es_Salaam","","file",""
"/usr/share/zoneinfo/Africa/Djibouti","","file",""
"/usr/share/zoneinfo/Africa/Douala","","file",""
"/usr/share/zoneinfo/Africa/El_Aaiun","","file",""
"/usr/share/zoneinfo/Africa/Freetown","","file",""
"/usr/share/zoneinfo/Africa/Gaborone","","file",""
"/usr/share/zoneinfo/Africa/Harare","","file",""
"/usr/share/zoneinfo/Africa/Johannesburg","","file",""
"/usr/share/zoneinfo/Africa/Juba","","file",""
"/usr/share/zoneinfo/Africa/Kampala","","file",""
"/usr/share/zoneinfo/Africa/Khartoum","","file",""
"/usr/share/zoneinfo/Africa/Kigali","","file",""
"/usr/share/zoneinfo/Africa/Kinshasa","","file",""
"/usr/share/zoneinfo/Africa/Lagos","","file",""
"/usr/share/zoneinfo/Africa/Libreville","","file",""
"/usr/share/zoneinfo/Africa/Lome","","file",""
"/usr/share/zoneinfo/Africa/Luanda","","file",""
"/usr/share/zoneinfo/Africa/Lubumbashi","","file",""
"/usr/share/zoneinfo/Africa/Lusaka","","file",""
"/usr/share/zoneinfo/Africa/Malabo","","file",""
"/usr/share/zoneinfo/Africa/Maputo","","file",""
"/usr/share/zoneinfo/Africa/Maseru","","file",""
"/usr/share/zoneinfo/Africa/Mbabane","","file",""
"/usr/share/zoneinfo/Africa/Mogadishu","","file",""
"/usr/share/zoneinfo/Africa/Monrovia","","file",""
"/usr/share/zoneinfo/Africa/Nairobi","","file",""
"/usr/share/zoneinfo/Africa/Ndjamena","","file",""
"/usr/share/zoneinfo/Africa/Niamey","","file",""
"/usr/share/zoneinfo/Africa/Nouakchott","","file",""
"/usr/share/zoneinfo/Africa/Ouagadougou","","file",""
"/usr/share/zoneinfo/Africa/Porto-Novo","","file",""
"/usr/share/zoneinfo/Africa/Sao_Tome","","file",""
"/usr/share/zoneinfo/Africa/Tripoli","","file",""
"/usr/share/zoneinfo/Africa/Tunis","","file",""
"/usr/share/zoneinfo/Africa/Windhoek","","file",""
"/usr/share/zoneinfo/America/Adak","","file",""
"/usr/share/zoneinfo/America/Anchorage","","file",""
"/usr/share/zoneinfo/America/Anguilla","","file",""
"/usr/share/zoneinfo/America/Antigua","","file",""
"/usr/share/zoneinfo/America/Araguaina","","file",""
"/usr/share/zoneinfo/America/Argentina/Buenos_Aires","","file",""
"/usr/share/zoneinfo/America/Argentina/Catamarca","","file",""
"/usr/share/zoneinfo/America/Argentina/Cordoba","","file",""
"/usr/share/zoneinfo/America/Argentina/Jujuy","","file",""
"/usr/share/zoneinfo/America/Argentina/La_Rioja","","file",""
"/usr/share/zoneinfo/America/Argentina/Mendoza","","file",""
"/usr/share/zoneinfo/America/Argentina/Rio_Gallegos","","file",""
"/usr/share/zoneinfo/America/Argentina/Salta","","file",""
"/usr/share/zoneinfo/America/Argentina/San_Juan","","file",""
"/usr/share/zoneinfo/America/Argentina/San_Luis","","file",""
"/usr/share/zoneinfo/America/Argentina/Tucuman","","file",""
"/usr/share/zoneinfo/America/Argentina/Ushuaia","","file",""
"/usr/share/zoneinfo/America/Aruba","","file",""
"/usr/share/zoneinfo/America/Asuncion","","file",""
"/usr/share/zoneinfo/America/Atikokan","","file",""
"/usr/share/zoneinfo/America/Bahia","","file",""
"/usr/share/zoneinfo/America/Bahia_Banderas","","file",""
"/usr/share/zoneinfo/America/Barbados","","file",""
"/usr/share/zoneinfo/America/Belem","","file",""
"/usr/share/zoneinfo/America/Belize","","file",""
"/usr/share/zoneinfo/America/Blanc-Sablon","","file",""
"/usr/share/zoneinfo/America/Boa_Vista","","file",""
"/usr/share/zoneinfo/America/Bogota","","file",""
"/usr/share/zoneinfo/America/Boise","","file",""
"/usr/share/zoneinfo/America/Cambridge_Bay","","file",""
"/usr/share/zoneinfo/America/Campo_Grande","","file",""
"/usr/share/zoneinfo/America/Cancun","","file",""
"/usr/share/zoneinfo/America/Caracas","","file",""
"/usr/share/zoneinfo/America/Cayenne","","file",""
"/usr/share/zoneinfo/America/Cayman","","file",""
"/usr/share/zoneinfo/America/Chicago","","file",""
"/usr/share/zoneinfo/America/Chihuahua","","file",""
"/usr/share/zoneinfo/America/Ciudad_Juarez","","file",""
"/usr/share/zoneinfo/America/Costa_Rica","","file",""
"/usr/share/zoneinfo/America/Coyhaique","","file",""
"/usr/share/zoneinfo/America/Creston","","file",""
"/usr/share/zoneinfo/America/Cuiaba","","file",""
"/usr/share/zoneinfo/America/Curacao","","file",""
"/usr/share/zoneinfo/America/Danmarkshavn","","file",""
"/usr/share/zoneinfo/America/Dawson","","file",""
"/usr/share/zoneinfo/America/Dawson_Creek","","file",""
"/usr/share/zoneinfo/America/Denver","","file",""
"/usr/share/zoneinfo/America/Detroit","","file",""
"/usr/share/zoneinfo/America/Dominica","","file",""
"/usr/share/zoneinfo/America/Edmonton","","file",""
"/usr/share/zoneinfo/America/Eirunepe","","file",""
"/usr/share/zoneinfo/America/El_Salvador","","file",""
"/usr/share/zoneinfo/America/Fort_Nelson","","file",""
"/usr/share/zoneinfo/America/Fortaleza","","file",""
"/usr/share/zoneinfo/America/Glace_Bay","","file",""
"/usr/share/zoneinfo/America/Goose_Bay","","file",""
"/usr/share/zoneinfo/America/Grand_Turk","","file",""
"/usr/share/zoneinfo/America/Grenada","","file",""
"/usr/share/zoneinfo/America/Guadeloupe","","file",""
"/usr/share/zoneinfo/America/Guatemala","","file",""
"/usr/share/zoneinfo/America/Guayaquil","","file",""
"/usr/share/zoneinfo/America/Guyana","","file",""
"/usr/share/zoneinfo/America/Halifax","","file",""
"/usr/share/zoneinfo/America/Havana","","file",""
"/usr/share/zoneinfo/America/Hermosillo","","file",""
"/usr/share/zoneinfo/America/Indiana/Indianapolis","","file",""
"/usr/share/zoneinfo/America/Indiana/Knox","","file",""
"/usr/share/zoneinfo/America/Indiana/Marengo","","file",""
"/usr/share/zoneinfo/America/Indiana/Petersburg","","file",""
"/usr/share/zoneinfo/America/Indiana/Tell_City","","file",""
"/usr/share/zoneinfo/America/Indiana/Vevay","","file",""
"/usr/share/zoneinfo/America/Indiana/Vincennes","","file",""
"/usr/share/zoneinfo/America/Indiana/Winamac","","file",""
"/usr/share/zoneinfo/America/Inuvik","","file",""
"/usr/share/zoneinfo/America/Iqaluit","","file",""
"/usr/share/zoneinfo/America/Jamaica","","file",""
"/usr/share/zoneinfo/America/Juneau","","file",""
"/usr/share/zoneinfo/America/Kentucky/Louisville","","file",""
"/usr/share/zoneinfo/America/Kentucky/Monticello","","file",""
"/usr/share/zoneinfo/America/La_Paz","","file",""
"/usr/share/zoneinfo/America/Lima","","file",""
"/usr/share/zoneinfo/America/Los_Angeles","","file",""
"/usr/share/zoneinfo/America/Maceio","","file",""
"/usr/share/zoneinfo/America/Managua","","file",""
"/usr/share/zoneinfo/America/Manaus","","file",""
"/usr/share/zoneinfo/America/Martinique","","file",""
"/usr/share/zoneinfo/America/Matamoros","","file",""
"/usr/share/zoneinfo/America/Mazatlan","","file",""
"/usr/share/zoneinfo/America/Menominee","","file",""
"/usr/share/zoneinfo/America/Merida","","file",""
"/usr/share/zoneinfo/America/Metlakatla","","file",""
"/usr/share/zoneinfo/America/Mexico_City","","file",""
"/usr/share/zoneinfo/America/Miquelon","","file",""
"/usr/share/zoneinfo/America/Moncton","","file",""
"/usr/share/zoneinfo/America/Monterrey","","file",""
"/usr/share/zoneinfo/America/Montevideo","","file",""
"/usr/share/zoneinfo/America/Montserrat","","file",""
"/usr/share/zoneinfo/America/Nassau","","file",""
"/usr/share/zoneinfo/America/New_York","","file",""
"/usr/share/zoneinfo/America/Nome","","file",""
"/usr/share/zoneinfo/America/Noronha","","file",""
"/usr/share/zoneinfo/America/North_Dakota/Beulah","","file",""
"/usr/share/zoneinfo/America/North_Dakota/Center","","file",""
"/usr/share/zoneinfo/America/North_Dakota/New_Salem","","file",""
"/usr/share/zoneinfo/America/Nuuk","","file",""
"/usr/share/zoneinfo/America/Ojinaga","","file",""
"/usr/share/zoneinfo/America/Panama","","file",""
"/usr/share/zoneinfo/America/Paramaribo","","file",""
"/usr/share/zoneinfo/America/Phoenix","","file",""
"/usr/share/zoneinfo/America/Port-au-Prince","","file",""
"/usr/share/zoneinfo/America/Port_of_Spain","","file",""
"/usr/share/zoneinfo/America/Porto_Velho","","file",""
"/usr/share/zoneinfo/America/Puerto_Rico","","file",""
"/usr/share/zoneinfo/America/Punta_Arenas","","file",""
"/usr/share/zoneinfo/America/Rankin_Inlet","","file",""
"/usr/share/zoneinfo/America/Recife","","file",""
"/usr/share/zoneinfo/America/Regina","","file",""
"/usr/share/zoneinfo/America/Resolute","","file",""
"/usr/share/zoneinfo/America/Rio_Branco","","file",""
"/usr/share/zoneinfo/America/Santarem","","file",""
"/usr/share/zoneinfo/America/Santiago","","file",""
"/usr/share/zoneinfo/America/Santo_Domingo","","file",""
"/usr/share/zoneinfo/America/Sao_Paulo","","file",""
"/usr/share/zoneinfo/America/Scoresbysund","","file",""
"/usr/share/zoneinfo/America/Sitka","","file",""
"/usr/share/zoneinfo/America/St_Johns","","file",""
"/usr/share/zoneinfo/America/St_Kitts","","file",""
"/usr/share/zoneinfo/America/St_Lucia","","file",""
"/usr/share/zoneinfo/America/St_Thomas","","file",""
"/usr/share/zoneinfo/America/St_Vincent","","file",""
"/usr/share/zoneinfo/America/Swift_Current","","file",""
"/usr/share/zoneinfo/America/Tegucigalpa","","file",""
"/usr/share/zoneinfo/America/Thule","","file",""
"/usr/share/zoneinfo/America/Tijuana","","file",""
"/usr/share/zoneinfo/America/Toronto","","file",""
"/usr/share/zoneinfo/America/Tortola","","file",""
"/usr/share/zoneinfo/America/Vancouver","","file",""
"/usr/share/zoneinfo/America/Whitehorse","","file",""
"/usr/share/zoneinfo/America/Winnipeg","","file",""
"/usr/share/zoneinfo/America/Yakutat","","file",""
"/usr/share/zoneinfo/Antarctica/Casey","","file",""
"/usr/share/zoneinfo/Antarctica/Davis","","file",""
"/usr/share/zoneinfo/Antarctica/DumontDUrville","","file",""
"/usr/share/zoneinfo/Antarctica/Macquarie","","file",""
"/usr/share/zoneinfo/Antarctica/Mawson","","file",""
"/usr/share/zoneinfo/Antarctica/McMurdo","","file",""
"/usr/share/zoneinfo/Antarctica/Palmer","","file",""
"/usr/share/zoneinfo/Antarctica/Rothera","","file",""
"/usr/share/zoneinfo/Antarctica/Syowa","","file",""
"/usr/share/zoneinfo/Antarctica/Troll","","file",""
"/usr/share/zoneinfo/Antarctica/Vostok","","file",""
"/usr/share/zoneinfo/Asia/Aden","","file",""
"/usr/share/zoneinfo/Asia/Almaty","","file",""
"/usr/share/zoneinfo/Asia/Amman","","file",""
"/usr/share/zoneinfo/Asia/Anadyr","","file",""
"/usr/share/zoneinfo/Asia/Aqtau","","file",""
"/usr/share/zoneinfo/Asia/Aqtobe","","file",""
"/usr/share/zoneinfo/Asia/Ashgabat","","file",""
"/usr/share/zoneinfo/Asia/Atyrau","","file",""
"/usr/share/zoneinfo/Asia/Baghdad","","file",""
"/usr/share/zoneinfo/Asia/Bahrain","","file",""
"/usr/share/zoneinfo/Asia/Baku","","file",""
"/usr/share/zoneinfo/Asia/Bangkok","","file",""
"/usr/share/zoneinfo/Asia/Barnaul","","file",""
"/usr/share/zoneinfo/Asia/Beirut","","file",""
"/usr/share/zoneinfo/Asia/Bishkek","","file",""
"/usr/share/zoneinfo/Asia/Brunei","","file",""
"/usr/share/zoneinfo/Asia/Chita","","file",""
"/usr/share/zoneinfo/Asia/Colombo","","file",""
"/usr/share/zoneinfo/Asia/Damascus","","file",""
"/usr/share/zoneinfo/Asia/Dhaka","","file",""
"/usr/share/zoneinfo/Asia/Dili","","file",""
"/usr/share/zoneinfo/Asia/Dubai","","file",""
"/usr/share/zoneinfo/Asia/Dushanbe","","file",""
"/usr/share/zoneinfo/Asia/Famagusta","","file",""
"/usr/share/zoneinfo/Asia/Gaza","","file",""
"/usr/share/zoneinfo/Asia/Hebron","","file",""
"/usr/share/zoneinfo/Asia/Ho_Chi_Minh","","file",""
"/usr/share/zoneinfo/Asia/Hong_Kong","","file",""
"/usr/share/zoneinfo/Asia/Hovd","","file",""
"/usr/share/zoneinfo/Asia/Irkutsk","","file",""
"/usr/share/zoneinfo/Asia/Jakarta","","file",""
"/usr/share/zoneinfo/Asia/Jayapura","","file",""
"/usr/share/zoneinfo/Asia/Jerusalem","","file",""
"/usr/share/zoneinfo/Asia/Kabul","","file",""
"/usr/share/zoneinfo/Asia/Kamchatka","","file",""
"/usr/share/zoneinfo/Asia/Karachi","","file",""
"/usr/share/zoneinfo/Asia/Kathmandu","","file",""
"/usr/share/zoneinfo/Asia/Khandyga","","file",""
"/usr/share/zoneinfo/Asia/Kolkata","","file",""
"/usr/share/zoneinfo/Asia/Krasnoyarsk","","file",""
"/usr/share/zoneinfo/Asia/Kuala_Lumpur","","file",""
"/usr/share/zoneinfo/Asia/Kuching","","file",""
"/usr/share/zoneinfo/Asia/Kuwait","","file",""
"/usr/share/zoneinfo/Asia/Macau","","file",""
"/usr/share/zoneinfo/Asia/Magadan","","file",""
"/usr/share/zoneinfo/Asia/Makassar","","file",""
"/usr/share/zoneinfo/Asia/Manila","","file",""
"/usr/share/zoneinfo/Asia/Muscat","","file",""
"/usr/share/zoneinfo/Asia/Nicosia","","file",""
"/usr/share/zoneinfo/Asia/Novokuznetsk","","file",""
"/usr/share/zoneinfo/Asia/Novosibirsk","","file",""
"/usr/share/zoneinfo/Asia/Omsk","","file",""
"/usr/share/zoneinfo/Asia/Oral","","file",""
"/usr/share/zoneinfo/Asia/Phnom_Penh","","file",""
"/usr/share/zoneinfo/Asia/Pontianak","","file",""
"/usr/share/zoneinfo/Asia/Pyongyang","","file",""
"/usr/share/zoneinfo/Asia/Qatar","","file",""
"/usr/share/zoneinfo/Asia/Qostanay","","file",""
"/usr/share/zoneinfo/Asia/Qyzylorda","","file",""
"/usr/share/zoneinfo/Asia/Riyadh","","file",""
"/usr/share/zoneinfo/Asia/Sakhalin","","file",""
"/usr/share/zoneinfo/Asia/Samarkand","","file",""
"/usr/share/zoneinfo/Asia/Seoul","","file",""
"/usr/share/zoneinfo/Asia/Shanghai","","file",""
"/usr/share/zoneinfo/Asia/Singapore","","file",""
"/usr/share/zoneinfo/Asia/Srednekolymsk","","file",""
"/usr/share/zoneinfo/Asia/Taipei","","file",""
"/usr/share/zoneinfo/Asia/Tashkent","","file",""
"/usr/share/zoneinfo/Asia/Tbilisi","","file",""
"/usr/share/zoneinfo/Asia/Tehran","","file",""
"/usr/share/zoneinfo/Asia/Thimphu","","file",""
"/usr/share/zoneinfo/Asia/Tokyo","","file",""
"/usr/share/zoneinfo/Asia/Tomsk","","file",""
"/usr/share/zoneinfo/Asia/Ulaanbaatar","","file",""
"/usr/share/zoneinfo/Asia/Urumqi","","file",""
"/usr/share/zoneinfo/Asia/Ust-Nera","","file",""
"/usr/share/zoneinfo/Asia/Vientiane","","file",""
"/usr/share/zoneinfo/Asia/Vladivostok","","file",""
"/usr/share/zoneinfo/Asia/Yakutsk","","file",""
"/usr/share/zoneinfo/Asia/Yangon","","file",""
"/usr/share/zoneinfo/Asia/Yekaterinburg","","file",""
"/usr/share/zoneinfo/Asia/Yerevan","","file",""
"/usr/share/zoneinfo/Atlantic/Azores","","file",""
"/usr/share/zoneinfo/Atlantic/Bermuda","","file",""
"/usr/share/zoneinfo/Atlantic/Canary","","file",""
"/usr/share/zoneinfo/Atlantic/Cape_Verde","","file",""
"/usr/share/zoneinfo/Atlantic/Faroe","","file",""
"/usr/share/zoneinfo/Atlantic/Madeira","","file",""
"/usr/share/zoneinfo/Atlantic/Reykjavik","","file",""
"/usr/share/zoneinfo/Atlantic/South_Georgia","","file",""
"/usr/share/zoneinfo/Atlantic/St_Helena","","file",""
"/usr/share/zoneinfo/Atlantic/Stanley","","file",""
"/usr/share/zoneinfo/Australia/Adelaide","","file",""
"/usr/share/zoneinfo/Australia/Brisbane","","file",""
"/usr/share/zoneinfo/Australia/Broken_Hill","","file",""
"/usr/share/zoneinfo/Australia/Darwin","","file",""
"/usr/share/zoneinfo/Australia/Eucla","","file",""
"/usr/share/zoneinfo/Australia/Hobart","","file",""
"/usr/share/zoneinfo/Australia/Lindeman","","file",""
"/usr/share/zoneinfo/Australia/Lord_Howe","","file",""
"/usr/share/zoneinfo/Australia/Melbourne","","file",""
"/usr/share/zoneinfo/Australia/Perth","","file",""
"/usr/share/zoneinfo/Australia/Sydney","","file",""
"/usr/share/zoneinfo/Etc/GMT","","file",""
"/usr/share/zoneinfo/Etc/GMT+1","","file",""
"/usr/share/zoneinfo/Etc/GMT+10","","file",""
"/usr/share/zoneinfo/Etc/GMT+11","","file",""
"/usr/share/zoneinfo/Etc/GMT+12","","file",""
"/usr/share/zoneinfo/Etc/GMT+2","","file",""
"/usr/share/zoneinfo/Etc/GMT+3","","file",""
"/usr/share/zoneinfo/Etc/GMT+4","","file",""
"/usr/share/zoneinfo/Etc/GMT+5","","file",""
"/usr/share/zoneinfo/Etc/GMT+6","","file",""
"/usr/share/zoneinfo/Etc/GMT+7","","file",""
"/usr/share/zoneinfo/Etc/GMT+8","","file",""
"/usr/share/zoneinfo/Etc/GMT+9","","file",""
"/usr/share/zoneinfo/Etc/GMT-1","","file",""
"/usr/share/zoneinfo/Etc/GMT-10","","file",""
"/usr/share/zoneinfo/Etc/GMT-11","","file",""
"/usr/share/zoneinfo/Etc/GMT-12","","file",""
"/usr/share/zoneinfo/Etc/GMT-13","","file",""
"/usr/share/zoneinfo/Etc/GMT-14","","file",""
"/usr/share/zoneinfo/Etc/GMT-2","","file",""
"/usr/share/zoneinfo/Etc/GMT-3","","file",""
"/usr/share/zoneinfo/Etc/GMT-4","","file",""
"/usr/share/zoneinfo/Etc/GMT-5","","file",""
"/usr/share/zoneinfo/Etc/GMT-6","","file",""
"/usr/share/zoneinfo/Etc/GMT-7","","file",""
"/usr/share/zoneinfo/Etc/GMT-8","","file",""
"/usr/share/zoneinfo/Etc/GMT-9","","file",""
"/usr/share/zoneinfo/Etc/UTC","","file",""
"/usr/share/zoneinfo/Europe/Amsterdam","","file",""
"/usr/share/zoneinfo/Europe/Andorra","","file",""
"/usr/share/zoneinfo/Europe/Astrakhan","","file",""
"/usr/share/zoneinfo/Europe/Athens","","file",""
"/usr/share/zoneinfo/Europe/Belgrade","","file",""
"/usr/share/zoneinfo/Europe/Berlin","","file",""
"/usr/share/zoneinfo/Europe/Brussels","","file",""
"/usr/share/zoneinfo/Europe/Bucharest","","file",""
"/usr/share/zoneinfo/Europe/Budapest","","file",""
"/usr/share/zoneinfo/Europe/Chisinau","","file",""
"/usr/share/zoneinfo/Europe/Copenhagen","","file",""
"/usr/share/zoneinfo/Europe/Dublin","","file",""
"/usr/share/zoneinfo/Europe/Gibraltar","","file",""
"/usr/share/zoneinfo/Europe/Guernsey","","file",""
"/usr/share/zoneinfo/Europe/Helsinki","","file",""
"/usr/share/zoneinfo/Europe/Isle_of_Man","","file",""
"/usr/share/zoneinfo/Europe/Istanbul","","file",""
"/usr/share/zoneinfo/Europe/Jersey","","file",""
"/usr/share/zoneinfo/Europe/Kaliningrad","","file",""
"/usr/share/zoneinfo/Europe/Kirov","","file",""
"/usr/share/zoneinfo/Europe/Kyiv","","file",""
"/usr/share/zoneinfo/Europe/Lisbon","","file",""
"/usr/share/zoneinfo/Europe/Ljubljana","","file",""
"/usr/share/zoneinfo/Europe/London","","file",""
"/usr/share/zoneinfo/Europe/Luxembourg","","file",""
"/usr/share/zoneinfo/Europe/Madrid","","file",""
"/usr/share/zoneinfo/Europe/Malta","","file",""
"/usr/share/zoneinfo/Europe/Minsk","","file",""
"/usr/share/zoneinfo/Europe/Monaco","","file",""
"/usr/share/zoneinfo/Europe/Moscow","","file",""
"/usr/share/zoneinfo/Europe/Oslo","","file",""
"/usr/share/zoneinfo/Europe/Paris","","file",""
"/usr/share/zoneinfo/Europe/Prague","","file",""
"/usr/share/zoneinfo/Europe/Riga","","file",""
"/usr/share/zoneinfo/Europe/Rome","","file",""
"/usr/share/zoneinfo/Europe/Samara","","file",""
"/usr/share/zoneinfo/Europe/Sarajevo","","file",""
"/usr/share/zoneinfo/Europe/Saratov","","file",""
"/usr/share/zoneinfo/Europe/Simferopol","","file",""
"/usr/share/zoneinfo/Europe/Skopje","","file",""
"/usr/share/zoneinfo/Europe/Sofia","","file",""
"/usr/share/zoneinfo/Europe/Stockholm","","file",""
"/usr/share/zoneinfo/Europe/Tallinn","","file",""
"/usr/share/zoneinfo/Europe/Tirane","","file",""
"/usr/share/zoneinfo/Europe/Ulyanovsk","","file",""
"/usr/share/zoneinfo/Europe/Vaduz","","file",""
"/usr/share/zoneinfo/Europe/Vienna","","file",""
"/usr/share/zoneinfo/Europe/Vilnius","","file",""
"/usr/share/zoneinfo/Europe/Volgograd","","file",""
"/usr/share/zoneinfo/Europe/Warsaw","","file",""
"/usr/share/zoneinfo/Europe/Zagreb","","file",""
"/usr/share/zoneinfo/Europe/Zurich","","file",""
"/usr/share/zoneinfo/Factory","","file",""
"/usr/share/zoneinfo/Indian/Antananarivo","","file",""
"/usr/share/zoneinfo/Indian/Chagos","","file",""
"/usr/share/zoneinfo/Indian/Christmas","","file",""
"/usr/share/zoneinfo/Indian/Cocos","","file",""
"/usr/share/zoneinfo/Indian/Comoro","","file",""
"/usr/share/zoneinfo/Indian/Kerguelen","","file",""
"/usr/share/zoneinfo/Indian/Mahe","","file",""
"/usr/share/zoneinfo/Indian/Maldives","","file",""
"/usr/share/zoneinfo/Indian/Mauritius","","file",""
"/usr/share/zoneinfo/Indian/Mayotte","","file",""
"/usr/share/zoneinfo/Indian/Reunion","","file",""
"/usr/share/zoneinfo/Pacific/Apia","","file",""
"/usr/share/zoneinfo/Pacific/Auckland","","file",""
"/usr/share/zoneinfo/Pacific/Bougainville","","file",""
"/usr/share/zoneinfo/Pacific/Chatham","","file",""
"/usr/share/zoneinfo/Pacific/Chuuk","","file",""
"/usr/share/zoneinfo/Pacific/Easter","","file",""
"/usr/share/zoneinfo/Pacific/Efate","","file",""
"/usr/share/zoneinfo/Pacific/Fakaofo","","file",""
"/usr/share/zoneinfo/Pacific/Fiji","","file",""
"/usr/share/zoneinfo/Pacific/Funafuti","","file",""
"/usr/share/zoneinfo/Pacific/Galapagos","","file",""
"/usr/share/zoneinfo/Pacific/Gambier","","file",""
"/usr/share/zoneinfo/Pacific/Guadalcanal","","file",""
"/usr/share/zoneinfo/Pacific/Guam","","file",""
"/usr/share/zoneinfo/Pacific/Honolulu","","file",""
"/usr/share/zoneinfo/Pacific/Kanton","","file",""
"/usr/share/zoneinfo/Pacific/Kiritimati","","file",""
"/usr/share/zoneinfo/Pacific/Kosrae","","file",""
"/usr/share/zoneinfo/Pacific/Kwajalein","","file",""
"/usr/share/zoneinfo/Pacific/Majuro","","file",""
"/usr/share/zoneinfo/Pacific/Marquesas","","file",""
"/usr/share/zoneinfo/Pacific/Midway","","file",""
"/usr/share/zoneinfo/Pacific/Nauru","","file",""
"/usr/share/zoneinfo/Pacific/Niue","","file",""
"/usr/share/zoneinfo/Pacific/Norfolk","","file",""
"/usr/share/zoneinfo/Pacific/Noumea","","file",""
"/usr/share/zoneinfo/Pacific/Pago_Pago","","file",""
"/usr/share/zoneinfo/Pacific/Palau","","file",""
"/usr/share/zoneinfo/Pacific/Pitcairn","","file",""
"/usr/share/zoneinfo/Pacific/Pohnpei","","file",""
"/usr/share/zoneinfo/Pacific/Port_Moresby","","file",""
"/usr/share/zoneinfo/Pacific/Rarotonga","","file",""
"/usr/share/zoneinfo/Pacific/Saipan","","file",""
"/usr/share/zoneinfo/Pacific/Tahiti","","file",""
"/usr/share/zoneinfo/Pacific/Tarawa","","file",""
"/usr/share/zoneinfo/Pacific/Tongatapu","","file",""
"/usr/share/zoneinfo/Pacific/Wake","","file",""
"/usr/share/zoneinfo/Pacific/Wallis","","file",""
"/usr/share/zoneinfo/iso3166.tab","","file",""
"/usr/share/zoneinfo/leap-seconds.list","","file",""
"/usr/share/zoneinfo/leapseconds","","file",""
"/usr/share/zoneinfo/tzdata.zi","","file",""
"/usr/share/zoneinfo/zone.tab","","file",""
"/usr/share/zoneinfo/zone1970.tab","","file",""
"/usr/share/zoneinfo/zonenow.tab","","file",""
"/usr/share/zsh/vendor-completions/_sqv","","file",""
"/var/lib/dpkg/info/apt.conffiles","","file",""
"/var/lib/dpkg/info/apt.list","","file",""
"/var/lib/dpkg/info/apt.md5sums","","file",""
"/var/lib/dpkg/info/apt.postinst","","file",""
"/var/lib/dpkg/info/apt.postrm","","file",""
"/var/lib/dpkg/info/apt.preinst","","file",""
"/var/lib/dpkg/info/apt.prerm","","file",""
"/var/lib/dpkg/info/apt.shlibs","","file",""
"/var/lib/dpkg/info/apt.triggers","","file",""
"/var/lib/dpkg/info/base-files.conffiles","","file",""
"/var/lib/dpkg/info/base-files.list","","file",""
"/var/lib/dpkg/info/base-files.md5sums","","file",""
"/var/lib/dpkg/info/base-files.postinst","","file",""
"/var/lib/dpkg/info/base-files.postrm","","file",""
"/var/lib/dpkg/info/base-files.preinst","","file",""
"/var/lib/dpkg/info/base-files.triggers","","file",""
"/var/lib/dpkg/info/base-passwd.list","","file",""
"/var/lib/dpkg/info/base-passwd.md5sums","","file",""
"/var/lib/dpkg/info/base-passwd.postinst","","file",""
"/var/lib/dpkg/info/base-passwd.postrm","","file",""
"/var/lib/dpkg/info/base-passwd.preinst","","file",""
"/var/lib/dpkg/info/base-passwd.templates","","file",""
"/var/lib/dpkg/info/bash.conffiles","","file",""
"/var/lib/dpkg/info/bash.list","","file",""
"/var/lib/dpkg/info/bash.md5sums","","file",""
"/var/lib/dpkg/info/bash.postinst","","file",""
"/var/lib/dpkg/info/bash.postrm","","file",""
"/var/lib/dpkg/info/bash.prerm","","file",""
"/var/lib/dpkg/info/bsdutils.list","","file",""
"/var/lib/dpkg/info/bsdutils.md5sums","","file",""
"/var/lib/dpkg/info/coreutils.list","","file",""
"/var/lib/dpkg/info/coreutils.md5sums","","file",""
"/var/lib/dpkg/info/dash.list","","file",""
"/var/lib/dpkg/info/dash.md5sums","","file",""
"/var/lib/dpkg/info/dash.postinst","","file",""
"/var/lib/dpkg/info/dash.postrm","","file",""
"/var/lib/dpkg/info/dash.preinst","","file",""
"/var/lib/dpkg/info/dash.prerm","","file",""
"/var/lib/dpkg/info/dash.templates","","file",""
"/var/lib/dpkg/info/debconf.conffiles","","file",""
"/var/lib/dpkg/info/debconf.config","","file",""
"/var/lib/dpkg/info/debconf.list","","file",""
"/var/lib/dpkg/info/debconf.md5sums","","file",""
"/var/lib/dpkg/info/debconf.postinst","","file",""
"/var/lib/dpkg/info/debconf.templates","","file",""
"/var/lib/dpkg/info/debian-archive-keyring.conffiles","","file",""
"/var/lib/dpkg/info/debian-archive-keyring.list","","file",""
"/var/lib/dpkg/info/debian-archive-keyring.md5sums","","file",""
"/var/lib/dpkg/info/debian-archive-keyring.postinst","","file",""
"/var/lib/dpkg/info/debian-archive-keyring.postrm","","file",""
"/var/lib/dpkg/info/debian-archive-keyring.preinst","","file",""
"/var/lib/dpkg/info/debian-archive-keyring.prerm","","file",""
"/var/lib/dpkg/info/debianutils.list","","file",""
"/var/lib/dpkg/info/debianutils.md5sums","","file",""
"/var/lib/dpkg/info/debianutils.postinst","","file",""
"/var/lib/dpkg/info/debianutils.postrm","","file",""
"/var/lib/dpkg/info/debianutils.prerm","","file",""
"/var/lib/dpkg/info/debianutils.triggers","","file",""
"/var/lib/dpkg/info/diffutils.list","","file",""
"/var/lib/dpkg/info/diffutils.md5sums","","file",""
"/var/lib/dpkg/info/dpkg.conffiles","","file",""
"/var/lib/dpkg/info/dpkg.list","","file",""
"/var/lib/dpkg/info/dpkg.md5sums","","file",""
"/var/lib/dpkg/info/dpkg.postinst","","file",""
"/var/lib/dpkg/info/dpkg.postrm","","file",""
"/var/lib/dpkg/info/findutils.list","","file",""
"/var/lib/dpkg/info/findutils.md5sums","","file",""
"/var/lib/dpkg/info/gcc-14-base:amd64.md5sums","","file",""
"/var/lib/dpkg/info/grep.list","","file",""
"/var/lib/dpkg/info/grep.md5sums","","file",""
"/var/lib/dpkg/info/gzip.list","","file",""
"/var/lib/dpkg/info/gzip.md5sums","","file",""
"/var/lib/dpkg/info/gzip.postinst","","file",""
"/var/lib/dpkg/info/gzip.preinst","","file",""
"/var/lib/dpkg/info/hostname.list","","file",""
"/var/lib/dpkg/info/hostname.md5sums","","file",""
"/var/lib/dpkg/info/init-system-helpers.list","","file",""
"/var/lib/dpkg/info/init-system-helpers.md5sums","","file",""
"/var/lib/dpkg/info/init-system-helpers.postinst","","file",""
"/var/lib/dpkg/info/libacl1:amd64.md5sums","","file",""
"/var/lib/dpkg/info/libapt-pkg7.0:amd64.md5sums","","file",""
"/var/lib/dpkg/info/libattr1:amd64.conffiles","","file",""
"/var/lib/dpkg/info/libattr1:amd64.md5sums","","file",""
"/var/lib/dpkg/info/libaudit-common.conffiles","","file",""
"/var/lib/dpkg/info/libaudit-common.list","","file",""
"/var/lib/dpkg/info/libaudit-common.md5sums","","file",""
"/var/lib/dpkg/info/libaudit1:amd64.md5sums","","file",""
"/var/lib/dpkg/info/libblkid1:amd64.md5sums","","file",""
"/var/lib/dpkg/info/libbsd0:amd64.md5sums","","file",""
"/var/lib/dpkg/info/libbz2-1.0:amd64.md5sums","","file",""
"/var/lib/dpkg/info/libc-bin.conffiles","","file",""
"/var/lib/dpkg/info/libc-bin.list","","file",""
"/var/lib/dpkg/info/libc-bin.md5sums","","file",""
"/var/lib/dpkg/info/libc-bin.postinst","","file",""
"/var/lib/dpkg/info/libc-bin.triggers","","file",""
"/var/lib/dpkg/info/libc6:amd64.conffiles","","file",""
"/var/lib/dpkg/info/libc6:amd64.md5sums","","file",""
"/var/lib/dpkg/info/libcap-ng0:amd64.md5sums","","file",""
"/var/lib/dpkg/info/libcap2:amd64.md5sums","","file",""
"/var/lib/dpkg/info/libcrypt1:amd64.md5sums","","file",""
"/var/lib/dpkg/info/libdb5.3t64:amd64.md5sums","","file",""
"/var/lib/dpkg/info/libdebconfclient0:amd64.md5sums","","file",""
"/var/lib/dpkg/info/libgcc-s1:amd64.md5sums","","file",""
"/var/lib/dpkg/info/libgmp10:amd64.md5sums","","file",""
"/var/lib/dpkg/info/libhogweed6t64:amd64.md5sums","","file",""
"/var/lib/dpkg/info/liblastlog2-2:amd64.md5sums","","file",""
"/var/lib/dpkg/info/liblz4-1:amd64.md5sums","","file",""
"/var/lib/dpkg/info/liblzma5:amd64.md5sums","","file",""
"/var/lib/dpkg/info/libmd0:amd64.md5sums","","file",""
"/var/lib/dpkg/info/libmount1:amd64.md5sums","","file",""
"/var/lib/dpkg/info/libnettle8t64:amd64.md5sums","","file",""
"/var/lib/dpkg/info/libpam-modules-bin.list","","file",""
"/var/lib/dpkg/info/libpam-modules-bin.md5sums","","file",""
"/var/lib/dpkg/info/libpam-modules-bin.postinst","","file",""
"/var/lib/dpkg/info/libpam-modules-bin.postrm","","file",""
"/var/lib/dpkg/info/libpam-modules-bin.prerm","","file",""
"/var/lib/dpkg/info/libpam-modules:amd64.conffiles","","file",""
"/var/lib/dpkg/info/libpam-modules:amd64.md5sums","","file",""
"/var/lib/dpkg/info/libpam-runtime.conffiles","","file",""
"/var/lib/dpkg/info/libpam-runtime.list","","file",""
"/var/lib/dpkg/info/libpam-runtime.md5sums","","file",""
"/var/lib/dpkg/info/libpam-runtime.postinst","","file",""
"/var/lib/dpkg/info/libpam-runtime.postrm","","file",""
"/var/lib/dpkg/info/libpam-runtime.prerm","","file",""
"/var/lib/dpkg/info/libpam-runtime.templates","","file",""
"/var/lib/dpkg/info/libpam0g:amd64.md5sums","","file",""
"/var/lib/dpkg/info/libseccomp2:amd64.md5sums","","file",""
"/var/lib/dpkg/info/libselinux1:amd64.md5sums","","file",""
"/var/lib/dpkg/info/libsemanage-common.conffiles","","file",""
"/var/lib/dpkg/info/libsemanage-common.list","","file",""
"/var/lib/dpkg/info/libsemanage-common.md5sums","","file",""
"/var/lib/dpkg/info/libsemanage2:amd64.md5sums","","file",""
"/var/lib/dpkg/info/libsepol2:amd64.md5sums","","file",""
"/var/lib/dpkg/info/libsmartcols1:amd64.md5sums","","file",""
"/var/lib/dpkg/info/libsqlite3-0:amd64.md5sums","","file",""
"/var/lib/dpkg/info/libstdc++6:amd64.md5sums","","file",""
"/var/lib/dpkg/info/libsystemd0:amd64.md5sums","","file",""
"/var/lib/dpkg/info/libtinfo6:amd64.md5sums","","file",""
"/var/lib/dpkg/info/libudev1:amd64.md5sums","","file",""
"/var/lib/dpkg/info/libuuid1:amd64.md5sums","","file",""
"/var/lib/dpkg/info/libxxhash0:amd64.md5sums","","file",""
"/var/lib/dpkg/info/libzstd1:amd64.md5sums","","file",""
"/var/lib/dpkg/info/login.conffiles","","file",""
"/var/lib/dpkg/info/login.defs.conffiles","","file",""
"/var/lib/dpkg/info/login.defs.list","","file",""
"/var/lib/dpkg/info/login.defs.md5sums","","file",""
"/var/lib/dpkg/info/login.defs.postinst","","file",""
"/var/lib/dpkg/info/login.list","","file",""
"/var/lib/dpkg/info/login.md5sums","","file",""
"/var/lib/dpkg/info/login.postinst","","file",""
"/var/lib/dpkg/info/login.postrm","","file",""
"/var/lib/dpkg/info/login.preinst","","file",""
"/var/lib/dpkg/info/login.prerm","","file",""
"/var/lib/dpkg/info/mawk.list","","file",""
"/var/lib/dpkg/info/mawk.md5sums","","file",""
"/var/lib/dpkg/info/mawk.postinst","","file",""
"/var/lib/dpkg/info/mawk.prerm","","file",""
"/var/lib/dpkg/info/mount.list","","file",""
"/var/lib/dpkg/info/mount.md5sums","","file",""
"/var/lib/dpkg/info/ncurses-base.conffiles","","file",""
"/var/lib/dpkg/info/ncurses-base.list","","file",""
"/var/lib/dpkg/info/ncurses-base.md5sums","","file",""
"/var/lib/dpkg/info/ncurses-bin.list","","file",""
"/var/lib/dpkg/info/ncurses-bin.md5sums","","file",""
"/var/lib/dpkg/info/passwd.conffiles","","file",""
"/var/lib/dpkg/info/passwd.list","","file",""
"/var/lib/dpkg/info/passwd.md5sums","","file",""
"/var/lib/dpkg/info/passwd.postinst","","file",""
"/var/lib/dpkg/info/passwd.postrm","","file",""
"/var/lib/dpkg/info/passwd.preinst","","file",""
"/var/lib/dpkg/info/passwd.prerm","","file",""
"/var/lib/dpkg/info/perl-base.md5sums","","file",""
"/var/lib/dpkg/info/sed.list","","file",""
"/var/lib/dpkg/info/sed.md5sums","","file",""
"/var/lib/dpkg/info/sqv.list","","file",""
"/var/lib/dpkg/info/sqv.md5sums","","file",""
"/var/lib/dpkg/info/sysvinit-utils.list","","file",""
"/var/lib/dpkg/info/sysvinit-utils.md5sums","","file",""
"/var/lib/dpkg/info/tar.list","","file",""
"/var/lib/dpkg/info/tar.md5sums","","file",""
"/var/lib/dpkg/info/tar.postinst","","file",""
"/var/lib/dpkg/info/tar.prerm","","file",""
"/var/lib/dpkg/info/tzdata.config","","file",""
"/var/lib/dpkg/info/tzdata.list","","file",""
"/var/lib/dpkg/info/tzdata.md5sums","","file",""
"/var/lib/dpkg/info/tzdata.postinst","","file",""
"/var/lib/dpkg/info/tzdata.postrm","","file",""
"/var/lib/dpkg/info/tzdata.templates","","file",""
"/var/lib/dpkg/info/util-linux.conffiles","","file",""
"/var/lib/dpkg/info/util-linux.list","","file",""
"/var/lib/dpkg/info/util-linux.md5sums","","file",""
"/var/lib/dpkg/info/util-linux.postinst","","file",""
"/var/lib/dpkg/info/util-linux.postrm","","file",""
"/var/lib/dpkg/info/util-linux.prerm","","file",""
"/var/lib/dpkg/info/zlib1g:amd64.md5sums","","file",""
"/etc/ethertypes","","file",""
"/etc/protocols","","file",""
"/etc/rpc","","file",""
"/etc/services","","file",""
"/etc/ssl/openssl.cnf","","file",""
"/usr/bin/c_rehash","","file",""
"/usr/bin/openssl","","file",""
"/usr/lib/ssl/misc/CA.pl","","file",""
"/usr/lib/ssl/misc/tsget.pl","","file",""
"/usr/lib/x86_64-linux-gnu/engines-3/afalg.so","","file",""
"/usr/lib/x86_64-linux-gnu/engines-3/loader_attic.so","","file",""
"/usr/lib/x86_64-linux-gnu/engines-3/padlock.so","","file",""
"/usr/lib/x86_64-linux-gnu/libcrypto.so.3","","file",""
"/usr/lib/x86_64-linux-gnu/libssl.so.3","","file",""
"/usr/lib/x86_64-linux-gnu/ossl-modules/legacy.so","","file",""
"/usr/sbin/update-ca-certificates","","file",""
"/usr/share/ca-certificates/mozilla/ACCVRAIZ1.crt","","file",""
"/usr/share/ca-certificates/mozilla/AC_RAIZ_FNMT-RCM.crt","","file",""
"/usr/share/ca-certificates/mozilla/AC_RAIZ_FNMT-RCM_SERVIDORES_SEGUROS.crt","","file",""
"/usr/share/ca-certificates/mozilla/ANF_Secure_Server_Root_CA.crt","","file",""
"/usr/share/ca-certificates/mozilla/Actalis_Authentication_Root_CA.crt","","file",""
"/usr/share/ca-certificates/mozilla/AffirmTrust_Commercial.crt","","file",""
"/usr/share/ca-certificates/mozilla/AffirmTrust_Networking.crt","","file",""
"/usr/share/ca-certificates/mozilla/AffirmTrust_Premium.crt","","file",""
"/usr/share/ca-certificates/mozilla/AffirmTrust_Premium_ECC.crt","","file",""
"/usr/share/ca-certificates/mozilla/Amazon_Root_CA_1.crt","","file",""
"/usr/share/ca-certificates/mozilla/Amazon_Root_CA_2.crt","","file",""
"/usr/share/ca-certificates/mozilla/Amazon_Root_CA_3.crt","","file",""
"/usr/share/ca-certificates/mozilla/Amazon_Root_CA_4.crt","","file",""
"/usr/share/ca-certificates/mozilla/Atos_TrustedRoot_2011.crt","","file",""
"/usr/share/ca-certificates/mozilla/Atos_TrustedRoot_Root_CA_ECC_TLS_2021.crt","","file",""
"/usr/share/ca-certificates/mozilla/Atos_TrustedRoot_Root_CA_RSA_TLS_2021.crt","","file",""
"/usr/share/ca-certificates/mozilla/Autoridad_de_Certificacion_Firmaprofesional_CIF_A62634068.crt","","file",""
"/usr/share/ca-certificates/mozilla/BJCA_Global_Root_CA1.crt","","file",""
"/usr/share/ca-certificates/mozilla/BJCA_Global_Root_CA2.crt","","file",""
"/usr/share/ca-certificates/mozilla/Baltimore_CyberTrust_Root.crt","","file",""
"/usr/share/ca-certificates/mozilla/Buypass_Class_2_Root_CA.crt","","file",""
"/usr/share/ca-certificates/mozilla/Buypass_Class_3_Root_CA.crt","","file",""
"/usr/share/ca-certificates/mozilla/CA_Disig_Root_R2.crt","","file",""
"/usr/share/ca-certificates/mozilla/CFCA_EV_ROOT.crt","","file",""
"/usr/share/ca-certificates/mozilla/COMODO_Certification_Authority.crt","","file",""
"/usr/share/ca-certificates/mozilla/COMODO_ECC_Certification_Authority.crt","","file",""
"/usr/share/ca-certificates/mozilla/COMODO_RSA_Certification_Authority.crt","","file",""
"/usr/share/ca-certificates/mozilla/Certainly_Root_E1.crt","","file",""
"/usr/share/ca-certificates/mozilla/Certainly_Root_R1.crt","","file",""
"/usr/share/ca-certificates/mozilla/Certigna.crt","","file",""
"/usr/share/ca-certificates/mozilla/Certigna_Root_CA.crt","","file",""
"/usr/share/ca-certificates/mozilla/Certum_EC-384_CA.crt","","file",""
"/usr/share/ca-certificates/mozilla/Certum_Trusted_Network_CA.crt","","file",""
"/usr/share/ca-certificates/mozilla/Certum_Trusted_Network_CA_2.crt","","file",""
"/usr/share/ca-certificates/mozilla/Certum_Trusted_Root_CA.crt","","file",""
"/usr/share/ca-certificates/mozilla/CommScope_Public_Trust_ECC_Root-01.crt","","file",""
"/usr/share/ca-certificates/mozilla/CommScope_Public_Trust_ECC_Root-02.crt","","file",""
"/usr/share/ca-certificates/mozilla/CommScope_Public_Trust_RSA_Root-01.crt","","file",""
"/usr/share/ca-certificates/mozilla/CommScope_Public_Trust_RSA_Root-02.crt","","file",""
"/usr/share/ca-certificates/mozilla/Comodo_AAA_Services_root.crt","","file",""
"/usr/share/ca-certificates/mozilla/D-TRUST_BR_Root_CA_1_2020.crt","","file",""
"/usr/share/ca-certificates/mozilla/D-TRUST_BR_Root_CA_2_2023.crt","","file",""
"/usr/share/ca-certificates/mozilla/D-TRUST_EV_Root_CA_1_2020.crt","","file",""
"/usr/share/ca-certificates/mozilla/D-TRUST_EV_Root_CA_2_2023.crt","","file",""
"/usr/share/ca-certificates/mozilla/D-TRUST_Root_Class_3_CA_2_2009.crt","","file",""
"/usr/share/ca-certificates/mozilla/D-TRUST_Root_Class_3_CA_2_EV_2009.crt","","file",""
"/usr/share/ca-certificates/mozilla/DigiCert_Assured_ID_Root_CA.crt","","file",""
"/usr/share/ca-certificates/mozilla/DigiCert_Assured_ID_Root_G2.crt","","file",""
"/usr/share/ca-certificates/mozilla/DigiCert_Assured_ID_Root_G3.crt","","file",""
"/usr/share/ca-certificates/mozilla/DigiCert_Global_Root_CA.crt","","file",""
"/usr/share/ca-certificates/mozilla/DigiCert_Global_Root_G2.crt","","file",""
"/usr/share/ca-certificates/mozilla/DigiCert_Global_Root_G3.crt","","file",""
"/usr/share/ca-certificates/mozilla/DigiCert_High_Assurance_EV_Root_CA.crt","","file",""
"/usr/share/ca-certificates/mozilla/DigiCert_TLS_ECC_P384_Root_G5.crt","","file",""
"/usr/share/ca-certificates/mozilla/DigiCert_TLS_RSA4096_Root_G5.crt","","file",""
"/usr/share/ca-certificates/mozilla/DigiCert_Trusted_Root_G4.crt","","file",""
"/usr/share/ca-certificates/mozilla/Entrust.net_Premium_2048_Secure_Server_CA.crt","","file",""
"/usr/share/ca-certificates/mozilla/Entrust_Root_Certification_Authority.crt","","file",""
"/usr/share/ca-certificates/mozilla/Entrust_Root_Certification_Authority_-_EC1.crt","","file",""
"/usr/share/ca-certificates/mozilla/Entrust_Root_Certification_Authority_-_G2.crt","","file",""
"/usr/share/ca-certificates/mozilla/FIRMAPROFESIONAL_CA_ROOT-A_WEB.crt","","file",""
"/usr/share/ca-certificates/mozilla/GDCA_TrustAUTH_R5_ROOT.crt","","file",""
"/usr/share/ca-certificates/mozilla/GLOBALTRUST_2020.crt","","file",""
"/usr/share/ca-certificates/mozilla/GTS_Root_R1.crt","","file",""
"/usr/share/ca-certificates/mozilla/GTS_Root_R2.crt","","file",""
"/usr/share/ca-certificates/mozilla/GTS_Root_R3.crt","","file",""
"/usr/share/ca-certificates/mozilla/GTS_Root_R4.crt","","file",""
"/usr/share/ca-certificates/mozilla/GlobalSign_ECC_Root_CA_-_R4.crt","","file",""
"/usr/share/ca-certificates/mozilla/GlobalSign_ECC_Root_CA_-_R5.crt","","file",""
"/usr/share/ca-certificates/mozilla/GlobalSign_Root_CA.crt","","file",""
"/usr/share/ca-certificates/mozilla/GlobalSign_Root_CA_-_R3.crt","","file",""
"/usr/share/ca-certificates/mozilla/GlobalSign_Root_CA_-_R6.crt","","file",""
"/usr/share/ca-certificates/mozilla/GlobalSign_Root_E46.crt","","file",""
"/usr/share/ca-certificates/mozilla/GlobalSign_Root_R46.crt","","file",""
"/usr/share/ca-certificates/mozilla/Go_Daddy_Class_2_CA.crt","","file",""
"/usr/share/ca-certificates/mozilla/Go_Daddy_Root_Certificate_Authority_-_G2.crt","","file",""
"/usr/share/ca-certificates/mozilla/HARICA_TLS_ECC_Root_CA_2021.crt","","file",""
"/usr/share/ca-certificates/mozilla/HARICA_TLS_RSA_Root_CA_2021.crt","","file",""
"/usr/share/ca-certificates/mozilla/Hellenic_Academic_and_Research_Institutions_ECC_RootCA_2015.crt","","file",""
"/usr/share/ca-certificates/mozilla/Hellenic_Academic_and_Research_Institutions_RootCA_2015.crt","","file",""
"/usr/share/ca-certificates/mozilla/HiPKI_Root_CA_-_G1.crt","","file",""
"/usr/share/ca-certificates/mozilla/Hongkong_Post_Root_CA_3.crt","","file",""
"/usr/share/ca-certificates/mozilla/ISRG_Root_X1.crt","","file",""
"/usr/share/ca-certificates/mozilla/ISRG_Root_X2.crt","","file",""
"/usr/share/ca-certificates/mozilla/IdenTrust_Commercial_Root_CA_1.crt","","file",""
"/usr/share/ca-certificates/mozilla/IdenTrust_Public_Sector_Root_CA_1.crt","","file",""
"/usr/share/ca-certificates/mozilla/Izenpe.com.crt","","file",""
"/usr/share/ca-certificates/mozilla/Microsec_e-Szigno_Root_CA_2009.crt","","file",""
"/usr/share/ca-certificates/mozilla/Microsoft_ECC_Root_Certificate_Authority_2017.crt","","file",""
"/usr/share/ca-certificates/mozilla/Microsoft_RSA_Root_Certificate_Authority_2017.crt","","file",""
"/usr/share/ca-certificates/mozilla/NAVER_Global_Root_Certification_Authority.crt","","file",""
"/usr/share/ca-certificates/mozilla/NetLock_Arany_=Class_Gold=_Főtanúsítvány.crt","","file",""
"/usr/share/ca-certificates/mozilla/OISTE_WISeKey_Global_Root_GB_CA.crt","","file",""
"/usr/share/ca-certificates/mozilla/OISTE_WISeKey_Global_Root_GC_CA.crt","","file",""
"/usr/share/ca-certificates/mozilla/QuoVadis_Root_CA_1_G3.crt","","file",""
"/usr/share/ca-certificates/mozilla/QuoVadis_Root_CA_2.crt","","file",""
"/usr/share/ca-certificates/mozilla/QuoVadis_Root_CA_2_G3.crt","","file",""
"/usr/share/ca-certificates/mozilla/QuoVadis_Root_CA_3.crt","","file",""
"/usr/share/ca-certificates/mozilla/QuoVadis_Root_CA_3_G3.crt","","file",""
"/usr/share/ca-certificates/mozilla/SSL.com_EV_Root_Certification_Authority_ECC.crt","","file",""
"/usr/share/ca-certificates/mozilla/SSL.com_EV_Root_Certification_Authority_RSA_R2.crt","","file",""
"/usr/share/ca-certificates/mozilla/SSL.com_Root_Certification_Authority_ECC.crt","","file",""
"/usr/share/ca-certificates/mozilla/SSL.com_Root_Certification_Authority_RSA.crt","","file",""
"/usr/share/ca-certificates/mozilla/SSL.com_TLS_ECC_Root_CA_2022.crt","","file",""
"/usr/share/ca-certificates/mozilla/SSL.com_TLS_RSA_Root_CA_2022.crt","","file",""
"/usr/share/ca-certificates/mozilla/SZAFIR_ROOT_CA2.crt","","file",""
"/usr/share/ca-certificates/mozilla/Sectigo_Public_Server_Authentication_Root_E46.crt","","file",""
"/usr/share/ca-certificates/mozilla/Sectigo_Public_Server_Authentication_Root_R46.crt","","file",""
"/usr/share/ca-certificates/mozilla/SecureSign_Root_CA12.crt","","file",""
"/usr/share/ca-certificates/mozilla/SecureSign_Root_CA14.crt","","file",""
"/usr/share/ca-certificates/mozilla/SecureSign_Root_CA15.crt","","file",""
"/usr/share/ca-certificates/mozilla/SecureTrust_CA.crt","","file",""
"/usr/share/ca-certificates/mozilla/Secure_Global_CA.crt","","file",""
"/usr/share/ca-certificates/mozilla/Security_Communication_ECC_RootCA1.crt","","file",""
"/usr/share/ca-certificates/mozilla/Security_Communication_RootCA2.crt","","file",""
"/usr/share/ca-certificates/mozilla/Starfield_Class_2_CA.crt","","file",""
"/usr/share/ca-certificates/mozilla/Starfield_Root_Certificate_Authority_-_G2.crt","","file",""
"/usr/share/ca-certificates/mozilla/Starfield_Services_Root_Certificate_Authority_-_G2.crt","","file",""
"/usr/share/ca-certificates/mozilla/SwissSign_Gold_CA_-_G2.crt","","file",""
"/usr/share/ca-certificates/mozilla/T-TeleSec_GlobalRoot_Class_2.crt","","file",""
"/usr/share/ca-certificates/mozilla/T-TeleSec_GlobalRoot_Class_3.crt","","file",""
"/usr/share/ca-certificates/mozilla/TUBITAK_Kamu_SM_SSL_Kok_Sertifikasi_-_Surum_1.crt","","file",""
"/usr/share/ca-certificates/mozilla/TWCA_CYBER_Root_CA.crt","","file",""
"/usr/share/ca-certificates/mozilla/TWCA_Global_Root_CA.crt","","file",""
"/usr/share/ca-certificates/mozilla/TWCA_Root_Certification_Authority.crt","","file",""
"/usr/share/ca-certificates/mozilla/Telekom_Security_TLS_ECC_Root_2020.crt","","file",""
"/usr/share/ca-certificates/mozilla/Telekom_Security_TLS_RSA_Root_2023.crt","","file",""
"/usr/share/ca-certificates/mozilla/TeliaSonera_Root_CA_v1.crt","","file",""
"/usr/share/ca-certificates/mozilla/Telia_Root_CA_v2.crt","","file",""
"/usr/share/ca-certificates/mozilla/TrustAsia_Global_Root_CA_G3.crt","","file",""
"/usr/share/ca-certificates/mozilla/TrustAsia_Global_Root_CA_G4.crt","","file",""
"/usr/share/ca-certificates/mozilla/Trustwave_Global_Certification_Authority.crt","","file",""
"/usr/share/ca-certificates/mozilla/Trustwave_Global_ECC_P256_Certification_Authority.crt","","file",""
"/usr/share/ca-certificates/mozilla/Trustwave_Global_ECC_P384_Certification_Authority.crt","","file",""
"/usr/share/ca-certificates/mozilla/TunTrust_Root_CA.crt","","file",""
"/usr/share/ca-certificates/mozilla/UCA_Extended_Validation_Root.crt","","file",""
"/usr/share/ca-certificates/mozilla/UCA_Global_G2_Root.crt","","file",""
"/usr/share/ca-certificates/mozilla/USERTrust_ECC_Certification_Authority.crt","","file",""
"/usr/share/ca-certificates/mozilla/USERTrust_RSA_Certification_Authority.crt","","file",""
"/usr/share/ca-certificates/mozilla/XRamp_Global_CA_Root.crt","","file",""
"/usr/share/ca-certificates/mozilla/certSIGN_ROOT_CA.crt","","file",""
"/usr/share/ca-certificates/mozilla/certSIGN_Root_CA_G2.crt","","file",""
"/usr/share/ca-certificates/mozilla/e-Szigno_Root_CA_2017.crt","","file",""
"/usr/share/ca-certificates/mozilla/ePKI_Root_Certification_Authority.crt","","file",""
"/usr/share/ca-certificates/mozilla/emSign_ECC_Root_CA_-_C3.crt","","file",""
"/usr/share/ca-certificates/mozilla/emSign_ECC_Root_CA_-_G3.crt","","file",""
"/usr/share/ca-certificates/mozilla/emSign_Root_CA_-_C1.crt","","file",""
"/usr/share/ca-certificates/mozilla/emSign_Root_CA_-_G1.crt","","file",""
"/usr/share/ca-certificates/mozilla/vTrus_ECC_Root_CA.crt","","file",""
"/usr/share/ca-certificates/mozilla/vTrus_Root_CA.crt","","file",""
"/usr/share/doc/ca-certificates/copyright","","file",""
"/usr/share/doc/ca-certificates/examples/ca-certificates-local/debian/copyright","","file",""
"/usr/share/doc/libssl3t64/copyright","","file",""
"/usr/share/doc/netbase/copyright","","file",""
"/usr/share/doc/openssl-provider-legacy/copyright","","file",""
"/usr/share/doc/openssl/copyright","","file",""
"/var/lib/dpkg/info/ca-certificates.config","","file",""
"/var/lib/dpkg/info/ca-certificates.list","","file",""
"/var/lib/dpkg/info/ca-certificates.md5sums","","file",""
"/var/lib/dpkg/info/ca-certificates.postinst","","file",""
"/var/lib/dpkg/info/ca-certificates.postrm","","file",""
"/var/lib/dpkg/info/ca-certificates.templates","","file",""
"/var/lib/dpkg/info/ca-certificates.triggers","","file",""
"/var/lib/dpkg/info/libssl3t64:amd64.md5sums","","file",""
"/var/lib/dpkg/info/netbase.conffiles","","file",""
"/var/lib/dpkg/info/netbase.list","","file",""
"/var/lib/dpkg/info/netbase.md5sums","","file",""
"/var/lib/dpkg/info/netbase.postinst","","file",""
"/var/lib/dpkg/info/netbase.postrm","","file",""
"/var/lib/dpkg/info/openssl-provider-legacy.list","","file",""
"/var/lib/dpkg/info/openssl-provider-legacy.md5sums","","file",""
"/var/lib/dpkg/info/openssl.conffiles","","file",""
"/var/lib/dpkg/info/openssl.list","","file",""
"/var/lib/dpkg/info/openssl.md5sums","","file",""
"/var/lib/dpkg/info/openssl.postinst","","file",""
"/etc/adduser.conf","","file",""
"/etc/deluser.conf","","file",""
"/usr/lib/x86_64-linux-gnu/libffi.so.8.1.4","","file",""
"/usr/lib/x86_64-linux-gnu/libformw.so.6.5","","file",""
"/usr/lib/x86_64-linux-gnu/libgdbm.so.6.0.0","","file",""
"/usr/lib/x86_64-linux-gnu/libhistory.so.8.2","","file",""
"/usr/lib/x86_64-linux-gnu/libmenuw.so.6.5","","file",""
"/usr/lib/x86_64-linux-gnu/libncursesw.so.6.5","","file",""
"/usr/lib/x86_64-linux-gnu/libpanelw.so.6.5","","file",""
"/usr/lib/x86_64-linux-gnu/libreadline.so.8.2","","file",""
"/usr/local/bin/python3.12","","file",""
"/usr/local/lib/libpython3.12.so.1.0","","file",""
"/usr/local/lib/python3.12/site-packages/pip-25.0.1.dist-info/METADATA","","file",""
"/usr/local/lib/python3.12/site-packages/pip-25.0.1.dist-info/RECORD","","file",""
"/usr/local/lib/python3.12/site-packages/pip-25.0.1.dist-info/top_level.txt","","file",""
"/usr/local/lib/python3.12/site-packages/pip/_vendor/distlib/t32.exe","","file",""
"/usr/local/lib/python3.12/site-packages/pip/_vendor/distlib/t64-arm.exe","","file",""
"/usr/local/lib/python3.12/site-packages/pip/_vendor/distlib/t64.exe","","file",""
"/usr/local/lib/python3.12/site-packages/pip/_vendor/distlib/w32.exe","","file",""
"/usr/local/lib/python3.12/site-packages/pip/_vendor/distlib/w64-arm.exe","","file",""
"/usr/local/lib/python3.12/site-packages/pip/_vendor/distlib/w64.exe","","file",""
"/usr/sbin/adduser","","file",""
"/usr/sbin/deluser","","file",""
"/usr/share/doc/adduser/copyright","","file",""
"/usr/share/doc/libffi8/copyright","","file",""
"/usr/share/doc/libgdbm6t64/copyright","","file",""
"/usr/share/doc/libreadline8t64/copyright","","file",""
"/usr/share/doc/readline-common/copyright","","file",""
"/usr/share/perl5/Debian/AdduserCommon.pm","","file",""
"/usr/share/perl5/Debian/AdduserLogging.pm","","file",""
"/usr/share/perl5/Debian/AdduserRetvalues.pm","","file",""
"/usr/share/readline/inputrc","","file",""
"/var/lib/dpkg/info/adduser.conffiles","","file",""
"/var/lib/dpkg/info/adduser.list","","file",""
"/var/lib/dpkg/info/adduser.md5sums","","file",""
"/var/lib/dpkg/info/adduser.postrm","","file",""
"/var/lib/dpkg/info/adduser.preinst","","file",""
"/var/lib/dpkg/info/libffi8:amd64.md5sums","","file",""
"/var/lib/dpkg/info/libgdbm6t64:amd64.md5sums","","file",""
"/var/lib/dpkg/info/libncursesw6:amd64.md5sums","","file",""
"/var/lib/dpkg/info/libreadline8t64:amd64.md5sums","","file",""
"/var/lib/dpkg/info/perl-base.list","","file",""
"/var/lib/dpkg/info/readline-common.list","","file",""
"/var/lib/dpkg/info/readline-common.md5sums","","file",""
"/var/lib/dpkg/info/readline-common.postinst","","file",""
"/var/lib/dpkg/info/readline-common.postrm","","file",""
"/usr/lib/x86_64-linux-gnu/libpcre2-8.so.0.14.0","","file",""
"/usr/share/doc/libpcre2-8-0/copyright","","file",""
"/var/lib/dpkg/info/libpcre2-8-0:amd64.md5sums","","file",""
"/var/lib/dpkg/status","","file",""
"/usr/local/lib/python3.12/site-packages/annotated_doc-0.0.5.dist-info/METADATA","","file",""
"/usr/local/lib/python3.12/site-packages/annotated_doc-0.0.5.dist-info/RECORD","","file",""
"/usr/local/lib/python3.12/site-packages/annotated_types-0.8.0.dist-info/METADATA","","file",""
"/usr/local/lib/python3.12/site-packages/annotated_types-0.8.0.dist-info/RECORD","","file",""
"/usr/local/lib/python3.12/site-packages/anyio-4.15.1.dist-info/METADATA","","file",""
"/usr/local/lib/python3.12/site-packages/anyio-4.15.1.dist-info/RECORD","","file",""
"/usr/local/lib/python3.12/site-packages/anyio-4.15.1.dist-info/top_level.txt","","file",""
"/usr/local/lib/python3.12/site-packages/certifi-2026.7.22.dist-info/METADATA","","file",""
"/usr/local/lib/python3.12/site-packages/certifi-2026.7.22.dist-info/RECORD","","file",""
"/usr/local/lib/python3.12/site-packages/certifi-2026.7.22.dist-info/top_level.txt","","file",""
"/usr/local/lib/python3.12/site-packages/cffi-2.1.1.dist-info/METADATA","","file",""
"/usr/local/lib/python3.12/site-packages/cffi-2.1.1.dist-info/RECORD","","file",""
"/usr/local/lib/python3.12/site-packages/cffi-2.1.1.dist-info/top_level.txt","","file",""
"/usr/local/lib/python3.12/site-packages/click-8.5.0.dist-info/METADATA","","file",""
"/usr/local/lib/python3.12/site-packages/click-8.5.0.dist-info/RECORD","","file",""
"/usr/local/lib/python3.12/site-packages/cryptography-50.0.2.dist-info/METADATA","","file",""
"/usr/local/lib/python3.12/site-packages/cryptography-50.0.2.dist-info/RECORD","","file",""
"/usr/local/lib/python3.12/site-packages/fastapi-0.136.1.dist-info/METADATA","","file",""
"/usr/local/lib/python3.12/site-packages/fastapi-0.136.1.dist-info/RECORD","","file",""
"/usr/local/lib/python3.12/site-packages/h11-0.16.0.dist-info/METADATA","","file",""
"/usr/local/lib/python3.12/site-packages/h11-0.16.0.dist-info/RECORD","","file",""
"/usr/local/lib/python3.12/site-packages/h11-0.16.0.dist-info/top_level.txt","","file",""
"/usr/local/lib/python3.12/site-packages/httpcore-1.0.9.dist-info/METADATA","","file",""
"/usr/local/lib/python3.12/site-packages/httpcore-1.0.9.dist-info/RECORD","","file",""
"/usr/local/lib/python3.12/site-packages/httptools-0.8.0.dist-info/METADATA","","file",""
"/usr/local/lib/python3.12/site-packages/httptools-0.8.0.dist-info/RECORD","","file",""
"/usr/local/lib/python3.12/site-packages/httptools-0.8.0.dist-info/top_level.txt","","file",""
"/usr/local/lib/python3.12/site-packages/httpx-0.28.1.dist-info/METADATA","","file",""
"/usr/local/lib/python3.12/site-packages/httpx-0.28.1.dist-info/RECORD","","file",""
"/usr/local/lib/python3.12/site-packages/idna-3.20.dist-info/METADATA","","file",""
"/usr/local/lib/python3.12/site-packages/idna-3.20.dist-info/RECORD","","file",""
"/usr/local/lib/python3.12/site-packages/pycparser-3.0.dist-info/METADATA","","file",""
"/usr/local/lib/python3.12/site-packages/pycparser-3.0.dist-info/RECORD","","file",""
"/usr/local/lib/python3.12/site-packages/pycparser-3.0.dist-info/top_level.txt","","file",""
"/usr/local/lib/python3.12/site-packages/pydantic-2.13.5.dist-info/METADATA","","file",""
"/usr/local/lib/python3.12/site-packages/pydantic-2.13.5.dist-info/RECORD","","file",""
"/usr/local/lib/python3.12/site-packages/pydantic_core-2.46.5.dist-info/METADATA","","file",""
"/usr/local/lib/python3.12/site-packages/pydantic_core-2.46.5.dist-info/RECORD","","file",""
"/usr/local/lib/python3.12/site-packages/pyjwt-2.14.0.dist-info/METADATA","","file",""
"/usr/local/lib/python3.12/site-packages/pyjwt-2.14.0.dist-info/RECORD","","file",""
"/usr/local/lib/python3.12/site-packages/pyjwt-2.14.0.dist-info/top_level.txt","","file",""
"/usr/local/lib/python3.12/site-packages/python_dotenv-1.2.4.dist-info/METADATA","","file",""
"/usr/local/lib/python3.12/site-packages/python_dotenv-1.2.4.dist-info/RECORD","","file",""
"/usr/local/lib/python3.12/site-packages/python_dotenv-1.2.4.dist-info/top_level.txt","","file",""
"/usr/local/lib/python3.12/site-packages/pyyaml-6.0.3.dist-info/METADATA","","file",""
"/usr/local/lib/python3.12/site-packages/pyyaml-6.0.3.dist-info/RECORD","","file",""
"/usr/local/lib/python3.12/site-packages/pyyaml-6.0.3.dist-info/top_level.txt","","file",""
"/usr/local/lib/python3.12/site-packages/starlette-1.7.0.dist-info/METADATA","","file",""
"/usr/local/lib/python3.12/site-packages/starlette-1.7.0.dist-info/RECORD","","file",""
"/usr/local/lib/python3.12/site-packages/typing_extensions-4.16.0.dist-info/METADATA","","file",""
"/usr/local/lib/python3.12/site-packages/typing_extensions-4.16.0.dist-info/RECORD","","file",""
"/usr/local/lib/python3.12/site-packages/typing_inspection-0.4.4.dist-info/METADATA","","file",""
"/usr/local/lib/python3.12/site-packages/typing_inspection-0.4.4.dist-info/RECORD","","file",""
"/usr/local/lib/python3.12/site-packages/uvicorn-0.34.0.dist-info/METADATA","","file",""
"/usr/local/lib/python3.12/site-packages/uvicorn-0.34.0.dist-info/RECORD","","file",""
"/usr/local/lib/python3.12/site-packages/uvloop-0.23.0.dist-info/METADATA","","file",""
"/usr/local/lib/python3.12/site-packages/uvloop-0.23.0.dist-info/RECORD","","file",""
"/usr/local/lib/python3.12/site-packages/uvloop-0.23.0.dist-info/top_level.txt","","file",""
"/usr/local/lib/python3.12/site-packages/watchfiles-1.3.0.dist-info/METADATA","","file",""
"/usr/local/lib/python3.12/site-packages/watchfiles-1.3.0.dist-info/RECORD","","file",""
"/usr/local/lib/python3.12/site-packages/websockets-17.2.dist-info/METADATA","","file",""
"/usr/local/lib/python3.12/site-packages/websockets-17.2.dist-info/RECORD","","file",""
"/usr/local/lib/python3.12/site-packages/websockets-17.2.dist-info/top_level.txt","","file",""
